CustomerID,FirstName,LastName,Gender,Email,Phone,Address
CUSID1,Hulda,Vinall,Female,hvinall0@comcast.net,706-267-6380,924 Merrick Terrace
CUSID2,Quentin,Landsborough,Female,qlandsborough1@opera.com,950-636-7930,4 Cambridge Place
CUSID3,Ursa,Canet,Bigender,ucanet2@php.net,700-840-5536,35 Anzinger Pass
CUSID4,Ruben,Bentsen,Male,rbentsen3@shinystat.com,562-975-3521,6 Eastwood Place
CUSID5,Care,Hebditch,Male,chebditch4@seattletimes.com,508-267-1840,6 Prentice Trail
CUSID6,Olag,Killbey,Male,okillbey5@usa.gov,323-236-9304,3068 Caliangt Crossing
CUSID7,Phaidra,Gircke,Genderfluid,pgircke6@skyrock.com,118-990-8807,528 Sachtjen Terrace
CUSID8,Arleta,Glassup,Female,aglassup7@ihg.com,223-249-2675,02 Little Fleur Street
CUSID9,Cyndy,Titherington,Female,ctitherington8@bizjournals.com,165-397-3685,39665 Evergreen Place
CUSID10,Peria,Tyreman,Agender,ptyreman9@themeforest.net,379-759-1018,19 Eastlawn Crossing
CUSID11,Cole,Cloney,Male,ccloneya@aboutads.info,302-147-8780,7 Hintze Crossing
CUSID12,Evin,Hubbucke,Male,ehubbuckeb@hatena.ne.jp,547-181-2247,7 La Follette Trail
CUSID13,Kinsley,Danielski,Male,kdanielskic@noaa.gov,835-216-2135,269 Cardinal Park
CUSID14,Kimmi,Tomeo,Genderfluid,ktomeod@domainmarket.com,338-852-9915,40 Melody Place
CUSID15,Hilliard,Jelf,Male,hjelfe@cmu.edu,403-903-8892,0 Pearson Lane
CUSID16,Broddie,Martyns,Male,bmartynsf@army.mil,729-349-0770,801 Cottonwood Hill
CUSID17,Ignazio,Garratt,Non-binary,igarrattg@goodreads.com,943-285-2415,4 Reindahl Junction
CUSID18,Carny,Riccelli,Male,criccellih@imgur.com,630-657-0263,1307 Grasskamp Trail
CUSID19,Brantley,Wolstencroft,Male,bwolstencrofti@army.mil,480-838-6589,5737 Gina Junction
CUSID20,Gardener,Creaven,Male,gcreavenj@wikimedia.org,330-246-1569,22 Graceland Point
CUSID21,Xymenes,Casin,Male,xcasink@tinyurl.com,887-566-5417,02941 Jenifer Road
CUSID22,Shelba,Eales,Female,sealesl@networkadvertising.org,609-726-0091,6805 Fairview Circle
CUSID23,Gallard,Branchflower,Male,gbranchflowerm@deliciousdays.com,528-360-7113,372 Utah Circle
CUSID24,Thekla,Sprowell,Female,tsprowelln@ftc.gov,655-491-2313,8695 Kensington Park
CUSID25,Arielle,Mullen,Female,amulleno@ow.ly,498-819-3414,2323 Russell Road
CUSID26,Menard,Scandrick,Bigender,mscandrickp@sourceforge.net,114-561-1677,12527 Sage Point
CUSID27,Katy,Batecok,Female,kbatecokq@fda.gov,214-948-0344,1 Huxley Lane
CUSID28,Jackquelin,Baldock,Female,jbaldockr@slideshare.net,638-252-6028,576 Clove Drive
CUSID29,Hildegarde,Shaefer,Female,hshaefers@technorati.com,565-571-9718,06054 Mallard Alley
CUSID30,Ker,Janjusevic,Male,kjanjusevict@ezinearticles.com,282-718-6445,64 Barnett Trail
CUSID31,Cosmo,Woolland,Male,cwoollandu@webs.com,711-263-9333,9 American Ash Trail
CUSID32,Sherill,Frankcomb,Female,sfrankcombv@cisco.com,830-115-4431,4 Schmedeman Plaza
CUSID33,Devin,Bachman,Male,dbachmanw@domainmarket.com,658-578-2340,817 Troy Court
CUSID34,Timi,Poulglais,Female,tpoulglaisx@arizona.edu,192-277-0605,68 Talmadge Terrace
CUSID35,Lianna,Bensen,Female,lbenseny@examiner.com,391-499-8348,64038 Weeping Birch Road
CUSID36,Nick,Kennham,Male,nkennhamz@go.com,463-600-4159,6200 Hanover Hill
CUSID37,Farrand,Montague,Female,fmontague10@wisc.edu,767-519-6910,4 Maywood Point
CUSID38,Garrot,Dimitrijevic,Male,gdimitrijevic11@who.int,124-181-6257,137 Boyd Alley
CUSID39,Floris,Kehoe,Agender,fkehoe12@npr.org,210-362-4457,69187 Division Junction
CUSID40,Enrica,Swindles,Female,eswindles13@addtoany.com,869-159-7234,75 Straubel Drive
CUSID41,Gayla,McNern,Female,gmcnern14@chicagotribune.com,283-998-0681,29 Lakewood Terrace
CUSID42,Phillis,Kwietek,Female,pkwietek15@taobao.com,159-729-0149,4004 Waxwing Avenue
CUSID43,Thorin,Silley,Male,tsilley16@china.com.cn,721-138-4895,44 Mallory Pass
CUSID44,Kenton,MacLachlan,Male,kmaclachlan17@myspace.com,683-345-1358,9903 Tony Center
CUSID45,Roch,Luc,Polygender,rluc18@over-blog.com,858-417-2258,48 Westerfield Park
CUSID46,Eduard,McGoon,Male,emcgoon19@nasa.gov,606-331-3688,677 Hanover Road
CUSID47,Paule,Mecozzi,Female,pmecozzi1a@yellowpages.com,854-526-2489,7 Ridge Oak Road
CUSID48,Selig,Hardern,Male,shardern1b@mit.edu,620-910-6324,565 Pepper Wood Lane
CUSID49,Ainslee,Druery,Non-binary,adruery1c@google.com,233-121-7425,1655 Daystar Terrace
CUSID50,Culley,Konneke,Male,ckonneke1d@hexun.com,387-474-4728,1 Village Pass
CUSID51,Jan,Dri,Female,jdri1e@ustream.tv,966-535-4506,7 Ronald Regan Park
CUSID52,Yanaton,Imlach,Male,yimlach1f@liveinternet.ru,157-301-7038,6168 Steensland Circle
CUSID53,Cletis,Damsell,Male,cdamsell1g@hibu.com,139-853-2529,095 Merchant Terrace
CUSID54,Vaughn,Siderfin,Male,vsiderfin1h@spiegel.de,790-203-0495,23428 Pond Way
CUSID55,Ivy,Hobgen,Female,ihobgen1i@addthis.com,689-571-3557,3136 Clarendon Drive
CUSID56,Adlai,Bowles,Male,abowles1j@shareasale.com,124-610-0226,5457 Troy Street
CUSID57,Hanna,Caldow,Female,hcaldow1k@eventbrite.com,523-868-6660,384 Hanson Circle
CUSID58,Tildi,Bezarra,Female,tbezarra1l@bloomberg.com,931-637-6032,2556 Myrtle Court
CUSID59,Anne,Walpole,Female,awalpole1m@so-net.ne.jp,968-259-5346,816 Melody Junction
CUSID60,Harley,Alcoran,Male,halcoran1n@qq.com,524-242-0101,808 Lyons Park
CUSID61,Devin,Moukes,Male,dmoukes1o@abc.net.au,885-791-7470,069 Charing Cross Road
CUSID62,Charmain,Shapcote,Female,cshapcote1p@elegantthemes.com,879-861-0835,43377 Vera Plaza
CUSID63,Towny,Tytler,Male,ttytler1q@dailymotion.com,555-999-3269,0 Summer Ridge Crossing
CUSID64,Margit,Newbigging,Female,mnewbigging1r@sbwire.com,545-715-7438,10716 Cardinal Terrace
CUSID65,Gertrudis,Esplin,Female,gesplin1s@trellian.com,463-626-1269,8 Knutson Road
CUSID66,Rodger,Press,Male,rpress1t@redcross.org,379-864-9648,068 Helena Trail
CUSID67,Vinnie,Keigher,Female,vkeigher1u@vimeo.com,596-436-1410,67195 Green Center
CUSID68,Haze,Poolton,Male,hpoolton1v@hp.com,233-761-8478,888 Kenwood Center
CUSID69,Lars,Durdan,Male,ldurdan1w@stanford.edu,608-202-9770,6791 Muir Hill
CUSID70,Marline,Sweatland,Female,msweatland1x@opensource.org,288-186-2505,33 Tennyson Crossing
CUSID71,Minnaminnie,Diegan,Female,mdiegan1y@behance.net,523-248-8032,59 Anzinger Parkway
CUSID72,Michal,Menci,Male,mmenci1z@hugedomains.com,425-821-2139,44894 Oak Alley
CUSID73,Betty,Castaignet,Female,bcastaignet20@apache.org,884-352-8524,10169 Dexter Alley
CUSID74,Joshua,Behling,Male,jbehling21@stanford.edu,115-326-1015,13315 Oak Valley Lane
CUSID75,Zenia,Faas,Female,zfaas22@utexas.edu,414-390-2337,0 Chive Terrace
CUSID76,Ian,Profit,Male,iprofit23@phpbb.com,103-214-1530,0 Dahle Road
CUSID77,Filmore,Cradduck,Male,fcradduck24@blinklist.com,758-436-4643,1 Bluestem Way
CUSID78,Averil,Harris,Male,aharris25@foxnews.com,188-501-2630,341 Loomis Alley
CUSID79,Nolan,Jorin,Male,njorin26@ustream.tv,524-483-3301,5 Sage Junction
CUSID80,Stephana,Caro,Female,scaro27@google.de,216-191-6118,3271 Claremont Trail
CUSID81,Augie,Brydon,Male,abrydon28@chronoengine.com,120-921-2966,5022 Northview Trail
CUSID82,Base,Beel,Male,bbeel29@networksolutions.com,144-291-1535,2646 Twin Pines Drive
CUSID83,Cornall,McLevie,Male,cmclevie2a@naver.com,107-944-3275,27 Mayfield Lane
CUSID84,Wait,Lorman,Male,wlorman2b@linkedin.com,323-233-4166,5 Roxbury Parkway
CUSID85,Jerrie,O'Scandall,Male,joscandall2c@nature.com,406-644-5128,117 Mariners Cove Crossing
CUSID86,Asa,Crankshaw,Male,acrankshaw2d@prlog.org,809-354-8653,6915 Bunting Pass
CUSID87,Jon,Lefeaver,Male,jlefeaver2e@rediff.com,482-919-4192,7120 Brickson Park Junction
CUSID88,Troy,Bullcock,Male,tbullcock2f@abc.net.au,132-413-9545,855 Moulton Circle
CUSID89,Arabella,Maydway,Female,amaydway2g@virginia.edu,561-865-4446,2 Rigney Terrace
CUSID90,Robinet,Rue,Female,rrue2h@skyrock.com,970-684-8556,0 Moland Place
CUSID91,Sandor,Drowsfield,Male,sdrowsfield2i@meetup.com,382-865-0212,7 Ryan Avenue
CUSID92,Rae,Beddard,Female,rbeddard2j@networkadvertising.org,202-927-7753,95 Evergreen Pass
CUSID93,Abby,Broom,Female,abroom2k@discuz.net,247-256-7062,38505 Steensland Circle
CUSID94,Windy,Gorvin,Female,wgorvin2l@ted.com,377-205-6232,5982 Anniversary Drive
CUSID95,Scarface,Beardmore,Male,sbeardmore2m@printfriendly.com,150-370-4256,3821 Rockefeller Crossing
CUSID96,Philis,Brodeau,Non-binary,pbrodeau2n@google.cn,960-329-0539,15 Utah Park
CUSID97,Janeva,Kubanek,Female,jkubanek2o@twitpic.com,557-671-2737,1 Shasta Street
CUSID98,Luke,Heenan,Male,lheenan2p@intel.com,982-774-7671,4425 Vera Center
CUSID99,Nadine,Holdey,Female,nholdey2q@senate.gov,415-824-9154,36 Green Terrace
CUSID100,Ky,Adriani,Male,kadriani2r@msu.edu,969-664-3485,3873 Cascade Place
CUSID101,Denny,Ratley,Male,dratley2s@cdbaby.com,172-740-6614,23891 Hansons Alley
CUSID102,Adora,Caze,Female,acaze2t@narod.ru,960-242-4607,41790 Bowman Junction
CUSID103,Louisette,Fantin,Female,lfantin2u@phpbb.com,204-103-9747,5627 Shasta Parkway
CUSID104,Stinky,Drewe,Male,sdrewe2v@liveinternet.ru,775-848-0497,52091 Del Mar Drive
CUSID105,Jakie,Brumby,Male,jbrumby2w@weibo.com,758-698-3042,20613 Kings Point
CUSID106,Constance,Winkett,Polygender,cwinkett2x@xing.com,259-854-7797,363 Ronald Regan Point
CUSID107,Junina,Olding,Bigender,jolding2y@constantcontact.com,702-405-0232,12 Jay Point
CUSID108,Appolonia,Petherick,Agender,apetherick2z@deviantart.com,867-447-0818,17613 Lotheville Point
CUSID109,Biron,Wharram,Male,bwharram30@ow.ly,915-171-9108,41 Sachtjen Circle
CUSID110,Eden,Hulcoop,Female,ehulcoop31@skype.com,941-974-8151,8 Dovetail Circle
CUSID111,Jermaine,Handes,Male,jhandes32@shareasale.com,310-955-4474,8 Lerdahl Way
CUSID112,Arthur,Dyball,Male,adyball33@geocities.com,539-912-8731,097 Troy Circle
CUSID113,Piggy,Wathey,Polygender,pwathey34@typepad.com,104-584-0646,8864 Dorton Terrace
CUSID114,Rycca,Kaye,Female,rkaye35@cpanel.net,612-690-2141,08 Northfield Parkway
CUSID115,Sissie,Claremont,Female,sclaremont36@alexa.com,563-756-2967,5 Prairie Rose Lane
CUSID116,Dale,Lismore,Male,dlismore37@oracle.com,577-221-1897,077 Summer Ridge Avenue
CUSID117,Nikolaos,Deluca,Male,ndeluca38@ft.com,934-137-2931,08 American Plaza
CUSID118,Linn,Tyer,Female,ltyer39@disqus.com,177-835-8581,8928 Maywood Trail
CUSID119,Maryellen,Ysson,Bigender,mysson3a@state.tx.us,183-764-4817,96 Farmco Court
CUSID120,Walden,Puzey,Male,wpuzey3b@slashdot.org,128-488-8190,6 Vernon Trail
CUSID121,Gates,Aston,Female,gaston3c@cmu.edu,353-164-1444,80657 Lakewood Parkway
CUSID122,Jacobo,Kiledal,Genderqueer,jkiledal3d@mail.ru,502-117-3125,70 Moland Trail
CUSID123,Wilhelm,Albrighton,Male,walbrighton3e@liveinternet.ru,527-989-5299,41 Helena Hill
CUSID124,Minne,Kelly,Female,mkelly3f@usgs.gov,609-474-3170,084 Summerview Place
CUSID125,Kynthia,Mayberry,Female,kmayberry3g@macromedia.com,710-181-6352,10267 Sullivan Circle
CUSID126,Agnes,Tyght,Female,atyght3h@upenn.edu,330-752-2412,5422 Menomonie Plaza
CUSID127,Clywd,Brislan,Genderqueer,cbrislan3i@blog.com,114-159-8434,0088 Lakewood Gardens Hill
CUSID128,Edlin,Iliffe,Bigender,eiliffe3j@businessweek.com,976-881-9577,3637 Browning Point
CUSID129,Abran,Stammirs,Male,astammirs3k@purevolume.com,191-159-8908,5 Colorado Trail
CUSID130,Minnie,Wloch,Female,mwloch3l@si.edu,248-980-7232,8384 Oak Valley Street
CUSID131,Hephzibah,Sandry,Female,hsandry3m@unblog.fr,382-921-0853,6 Commercial Lane
CUSID132,Wiley,Brass,Male,wbrass3n@goo.gl,408-923-4511,377 Reinke Avenue
CUSID133,Sander,Egleton,Male,segleton3o@comsenz.com,503-649-3805,8 Loomis Park
CUSID134,Lukas,Quimby,Male,lquimby3p@webnode.com,939-719-6689,1954 Fallview Lane
CUSID135,Roderic,Knobell,Male,rknobell3q@hao123.com,494-749-2017,701 Center Terrace
CUSID136,Nikolaos,Tailour,Male,ntailour3r@posterous.com,354-968-2339,5662 Pennsylvania Alley
CUSID137,Anita,Fliege,Female,afliege3s@house.gov,110-470-3490,3481 Sullivan Parkway
CUSID138,Hayyim,Vaneev,Male,hvaneev3t@msn.com,476-270-1354,53 Mallard Way
CUSID139,Carmita,Bier,Female,cbier3u@utexas.edu,568-460-2572,3 Clyde Gallagher Junction
CUSID140,Leonhard,Gwillym,Male,lgwillym3v@odnoklassniki.ru,607-967-1796,99623 Burning Wood Pass
CUSID141,Hestia,Goaks,Genderfluid,hgoaks3w@pagesperso-orange.fr,433-445-2413,3553 Briar Crest Road
CUSID142,Bendicty,Novak,Male,bnovak3x@yelp.com,379-693-3237,12222 Jenna Plaza
CUSID143,Diane-marie,Sawnwy,Female,dsawnwy3y@bbc.co.uk,757-652-2897,3539 Blue Bill Park Place
CUSID144,Farly,Foxton,Male,ffoxton3z@scientificamerican.com,398-792-7411,501 Russell Junction
CUSID145,Bary,Baptist,Male,bbaptist40@home.pl,202-618-7316,204 Fairfield Plaza
CUSID146,Bryan,Reidie,Male,breidie41@sogou.com,746-303-6050,91 Meadow Valley Drive
CUSID147,Cathlene,Bresman,Female,cbresman42@home.pl,593-293-7837,26524 Merrick Circle
CUSID148,Frayda,Tulk,Female,ftulk43@amazon.co.jp,629-466-0137,7717 Daystar Plaza
CUSID149,Hobie,Gifford,Male,hgifford44@netscape.com,655-456-3953,98537 Esch Avenue
CUSID150,Brendin,Guess,Male,bguess45@illinois.edu,171-835-3727,19752 Cody Place
CUSID151,Ashien,Kingscote,Female,akingscote46@homestead.com,834-407-7773,32 Straubel Way
CUSID152,Louisette,Eppson,Female,leppson47@typepad.com,212-451-1550,9 Northwestern Alley
CUSID153,Ashla,Kullmann,Female,akullmann48@europa.eu,208-195-4359,17087 Myrtle Point
CUSID154,Dorian,McArt,Male,dmcart49@ted.com,497-390-3301,146 East Circle
CUSID155,Lesya,Jedrzejewski,Female,ljedrzejewski4a@un.org,453-173-3450,1 Florence Road
CUSID156,Lennie,Dominguez,Male,ldominguez4b@cdc.gov,780-526-6389,9678 Ridgeview Park
CUSID157,Anjela,Upex,Female,aupex4c@ocn.ne.jp,451-521-2522,73334 Pierstorff Avenue
CUSID158,Dyanna,Witherspoon,Female,dwitherspoon4d@drupal.org,540-934-3615,2 Hoepker Crossing
CUSID159,Diena,O'Lochan,Agender,dolochan4e@zimbio.com,963-279-7366,22146 Merrick Plaza
CUSID160,Kendell,Wathen,Male,kwathen4f@joomla.org,264-995-4945,672 Clarendon Avenue
CUSID161,Gan,Opdenort,Male,gopdenort4g@redcross.org,309-330-6203,03774 Monument Hill
CUSID162,Alexandre,Di Pietro,Male,adipietro4h@vimeo.com,118-272-6214,39 Leroy Street
CUSID163,Juliane,Neighbour,Female,jneighbour4i@microsoft.com,646-490-4785,318 Coleman Center
CUSID164,Debera,Spurdens,Female,dspurdens4j@bing.com,862-380-0026,1977 International Trail
CUSID165,Euphemia,Balmann,Female,ebalmann4k@csmonitor.com,106-625-8976,155 Arrowood Terrace
CUSID166,Davis,Knowlys,Male,dknowlys4l@unc.edu,470-883-3173,526 Stoughton Point
CUSID167,Joseito,Hollindale,Genderqueer,jhollindale4m@parallels.com,631-320-5244,287 Debs Terrace
CUSID168,Derron,Cariss,Male,dcariss4n@wikispaces.com,664-302-3483,7 Sachs Point
CUSID169,Victoria,Mabbot,Female,vmabbot4o@dagondesign.com,104-167-4504,6 Crownhardt Circle
CUSID170,Ettore,Bushaway,Male,ebushaway4p@privacy.gov.au,534-978-5312,07598 Moland Way
CUSID171,Frederick,Cullimore,Male,fcullimore4q@zimbio.com,488-863-1350,123 Carioca Court
CUSID172,Antonietta,Siggins,Female,asiggins4r@alexa.com,529-692-7648,6 Thackeray Avenue
CUSID173,Kenneth,Armand,Genderfluid,karmand4s@discovery.com,957-979-1889,599 Reinke Circle
CUSID174,Gerick,Phlipon,Male,gphlipon4t@tinyurl.com,578-653-2030,0581 Evergreen Pass
CUSID175,Peggie,Paulson,Female,ppaulson4u@purevolume.com,513-654-9733,0709 Annamark Trail
CUSID176,Solomon,Erdis,Male,serdis4v@github.com,152-230-4323,99708 Jana Terrace
CUSID177,Mercy,Quail,Female,mquail4w@vimeo.com,577-800-5860,1 Forest Way
CUSID178,Richmond,Victory,Male,rvictory4x@wp.com,951-560-1688,9635 Cherokee Junction
CUSID179,Enid,Thridgould,Female,ethridgould4y@omniture.com,938-718-5143,597 Blaine Road
CUSID180,Rube,Kovelmann,Male,rkovelmann4z@salon.com,418-868-2371,1333 Division Hill
CUSID181,Lyn,Acaster,Male,lacaster50@smugmug.com,102-457-9124,41472 Prairie Rose Place
CUSID182,Tanner,McCandie,Male,tmccandie51@mlb.com,226-418-2426,98 Summer Ridge Park
CUSID183,Rae,Harris,Female,rharris52@wikia.com,323-860-2159,66 La Follette Point
CUSID184,Leontine,Dewes,Female,ldewes53@admin.ch,472-789-1092,33 Debs Street
CUSID185,Marlo,Gerriessen,Female,mgerriessen54@mail.ru,494-815-4403,5883 Shopko Alley
CUSID186,Burty,Pessold,Polygender,bpessold55@opera.com,849-943-8481,44 Sauthoff Crossing
CUSID187,Rodge,Maneylaws,Male,rmaneylaws56@vkontakte.ru,431-858-0479,4 Doe Crossing Parkway
CUSID188,Suzy,Canto,Female,scanto57@dailymotion.com,113-805-0291,9225 Moulton Hill
CUSID189,Arden,Hemphill,Female,ahemphill58@globo.com,221-500-8153,5957 Burning Wood Point
CUSID190,Shepperd,Torr,Genderfluid,storr59@businesswire.com,273-469-3216,27 Stoughton Court
CUSID191,Josias,Oger,Male,joger5a@symantec.com,420-314-2563,87597 Loeprich Junction
CUSID192,Toby,Falla,Female,tfalla5b@godaddy.com,857-517-9642,7 Carioca Circle
CUSID193,Tarra,Novacek,Female,tnovacek5c@feedburner.com,779-535-6068,4292 Mariners Cove Parkway
CUSID194,Cesare,Jagger,Polygender,cjagger5d@zdnet.com,986-187-8108,44 Vernon Road
CUSID195,Nowell,Baudin,Male,nbaudin5e@pinterest.com,139-669-9615,1664 Farwell Park
CUSID196,Rory,Grimwad,Male,rgrimwad5f@ucsd.edu,400-210-1537,95333 Service Pass
CUSID197,Kerr,Harler,Male,kharler5g@constantcontact.com,464-497-6764,81 Eagle Crest Place
CUSID198,Joye,Grombridge,Female,jgrombridge5h@exblog.jp,961-750-2433,2 Macpherson Road
CUSID199,Tiffanie,Brounfield,Female,tbrounfield5i@upenn.edu,682-792-6758,69665 Delaware Hill
CUSID200,Carita,Binnie,Female,cbinnie5j@mail.ru,614-295-7936,01 Birchwood Crossing
CUSID201,Clarissa,Duhig,Female,cduhig5k@de.vu,920-187-8959,490 Sunbrook Circle
CUSID202,Melisenda,Sackler,Female,msackler5l@goodreads.com,490-712-9994,8699 Northland Center
CUSID203,Shannah,Spofforth,Female,sspofforth5m@netvibes.com,160-645-5159,70052 Lukken Avenue
CUSID204,Ashly,Moffet,Female,amoffet5n@booking.com,586-685-6120,8370 Everett Way
CUSID205,Frankie,Ralton,Male,fralton5o@examiner.com,969-588-7207,597 Shasta Center
CUSID206,Stephie,Buntin,Female,sbuntin5p@ca.gov,130-348-2267,1 Sutherland Junction
CUSID207,Humberto,Gronowe,Male,hgronowe5q@barnesandnoble.com,202-718-5380,1 Sachtjen Park
CUSID208,Tildy,Rubenovic,Female,trubenovic5r@t.co,771-287-3774,2764 8th Hill
CUSID209,Margaux,Bonnar,Female,mbonnar5s@stumbleupon.com,393-142-5432,03 Cody Place
CUSID210,Garland,Bubbins,Female,gbubbins5t@zdnet.com,565-114-5969,0 Jana Pass
CUSID211,Iago,Kaminski,Male,ikaminski5u@discovery.com,685-762-3799,525 Rutledge Way
CUSID212,Shirline,Brideau,Female,sbrideau5v@acquirethisname.com,555-611-7939,9332 Coolidge Lane
CUSID213,Clarita,Gernier,Female,cgernier5w@blog.com,673-168-6333,962 Springs Road
CUSID214,Abbey,Crackel,Male,acrackel5x@google.cn,195-196-4629,6494 Oak Valley Crossing
CUSID215,Geoff,Rentelll,Male,grentelll5y@cbsnews.com,929-312-8284,395 Old Gate Plaza
CUSID216,Lucky,Olek,Female,lolek5z@squidoo.com,634-969-2495,45949 Sommers Street
CUSID217,Prescott,Antyshev,Male,pantyshev60@nasa.gov,202-138-9511,58 Lyons Street
CUSID218,Jessee,Marthen,Male,jmarthen61@intel.com,671-662-1116,8 Melody Drive
CUSID219,Maurice,Ivanusyev,Male,mivanusyev62@dell.com,710-283-5665,2937 Porter Avenue
CUSID220,Ignazio,Michiel,Male,imichiel63@dailymail.co.uk,493-198-5873,4524 Aberg Avenue
CUSID221,Aleece,Juszkiewicz,Female,ajuszkiewicz64@google.com.br,321-903-0337,5 Dexter Street
CUSID222,Philbert,Kinnie,Male,pkinnie65@omniture.com,424-487-6141,58 Mayfield Trail
CUSID223,Alma,Bewshaw,Female,abewshaw66@umn.edu,202-452-3133,94560 Linden Junction
CUSID224,Yolane,Izzett,Female,yizzett67@toplist.cz,435-206-7886,2897 2nd Road
CUSID225,Maurice,Grunbaum,Polygender,mgrunbaum68@salon.com,948-407-3049,31149 Springview Pass
CUSID226,Carolee,Madeley,Female,cmadeley69@rambler.ru,630-379-3954,34 Westend Pass
CUSID227,Katrina,Breznovic,Female,kbreznovic6a@java.com,521-718-8263,86 Starling Plaza
CUSID228,Cecil,Jochanany,Male,cjochanany6b@netvibes.com,420-510-0000,68 Tony Street
CUSID229,Roseanne,Collinette,Female,rcollinette6c@un.org,937-402-1830,8137 Hauk Place
CUSID230,Teena,Phin,Female,tphin6d@spiegel.de,422-414-3119,11735 Thompson Junction
CUSID231,Kattie,St. Louis,Female,kstlouis6e@apache.org,104-905-1711,8415 Bartelt Pass
CUSID232,Cly,Wollacott,Male,cwollacott6f@oakley.com,862-160-9125,31 Monument Street
CUSID233,Fayina,Masterson,Bigender,fmasterson6g@etsy.com,400-536-7672,7 Cascade Park
CUSID234,Flemming,Yitshak,Male,fyitshak6h@etsy.com,658-497-5504,3 Gerald Way
CUSID235,Carry,Tolworthie,Female,ctolworthie6i@redcross.org,868-702-3890,3515 Oriole Crossing
CUSID236,Hanny,Jamieson,Female,hjamieson6j@mozilla.com,969-524-0831,8612 Knutson Trail
CUSID237,Gina,Hawe,Female,ghawe6k@hostgator.com,889-170-4092,4 Mandrake Plaza
CUSID238,Germaine,Nudd,Female,gnudd6l@creativecommons.org,361-819-4549,30 Prairieview Hill
CUSID239,Ricky,Lawman,Male,rlawman6m@tamu.edu,417-892-2171,7815 Bayside Crossing
CUSID240,Blakelee,Fideler,Female,bfideler6n@4shared.com,869-752-6606,482 Shopko Street
CUSID241,Nora,Geere,Female,ngeere6o@clickbank.net,249-434-7082,4 Bartillon Lane
CUSID242,Beilul,Sheaber,Female,bsheaber6p@indiegogo.com,793-245-1661,4 Golf Trail
CUSID243,Emlynne,Varcoe,Female,evarcoe6q@ycombinator.com,449-167-4345,92598 Grim Place
CUSID244,Fredrick,Millwater,Male,fmillwater6r@clickbank.net,884-290-9953,748 Bayside Drive
CUSID245,Horst,Chainey,Male,hchainey6s@liveinternet.ru,835-217-2273,160 Pleasure Hill
CUSID246,Teirtza,Flacknell,Female,tflacknell6t@state.gov,821-599-4808,6839 Ridgeview Park
CUSID247,Wylma,MacAiline,Female,wmacailine6u@nationalgeographic.com,919-364-0325,66830 Rowland Point
CUSID248,Mayor,Kramer,Male,mkramer6v@cbslocal.com,162-107-8960,46842 Talisman Terrace
CUSID249,Whit,Guilder,Male,wguilder6w@free.fr,643-645-4131,92914 Orin Place
CUSID250,Missie,Maroney,Genderfluid,mmaroney6x@ted.com,997-195-1677,5463 Loomis Point
CUSID251,Twila,Crystal,Female,tcrystal6y@seattletimes.com,149-203-7943,0206 Beilfuss Plaza
CUSID252,Bren,Durran,Female,bdurran6z@themeforest.net,632-305-2388,35 Old Gate Point
CUSID253,Vergil,Skamal,Male,vskamal70@nba.com,898-101-5173,8 Knutson Avenue
CUSID254,Kiel,Alvarado,Polygender,kalvarado71@illinois.edu,809-736-5668,3776 Northfield Circle
CUSID255,Whitaker,Pedrick,Male,wpedrick72@yandex.ru,326-524-5504,419 Ohio Road
CUSID256,Riordan,Jorioz,Male,rjorioz73@washington.edu,100-277-5026,333 Monument Way
CUSID257,Fairfax,Dalloway,Male,fdalloway74@altervista.org,906-487-6555,36843 Washington Crossing
CUSID258,Obed,MacAlaster,Male,omacalaster75@soundcloud.com,673-226-7442,7 Susan Point
CUSID259,Gail,Kisar,Female,gkisar76@baidu.com,994-583-7060,0795 Pierstorff Avenue
CUSID260,Lorraine,Jablonski,Female,ljablonski77@nsw.gov.au,303-450-0574,2 Bashford Junction
CUSID261,Eldredge,Matschke,Male,ematschke78@google.cn,147-371-8521,6554 Sunbrook Alley
CUSID262,Claudina,Lomath,Female,clomath79@phpbb.com,630-789-3882,871 Hansons Crossing
CUSID263,Francisco,Hann,Male,fhann7a@kickstarter.com,101-189-0307,608 Glendale Court
CUSID264,Rosco,Rolfo,Male,rrolfo7b@phpbb.com,829-735-2062,52313 Butternut Drive
CUSID265,Neile,Fedder,Female,nfedder7c@vistaprint.com,934-145-7624,04014 Jana Circle
CUSID266,Alana,Churchlow,Female,achurchlow7d@webs.com,848-788-8303,40 Iowa Point
CUSID267,Pauli,Tummasutti,Female,ptummasutti7e@jigsy.com,779-110-4470,9 David Crossing
CUSID268,Berton,Carroll,Male,bcarroll7f@people.com.cn,351-897-7528,8 Dixon Park
CUSID269,Orland,Gibbeson,Male,ogibbeson7g@baidu.com,793-481-4307,72732 Forest Run Center
CUSID270,Zonda,Le Noire,Female,zlenoire7h@independent.co.uk,821-902-1455,822 Eastwood Park
CUSID271,Stuart,Allans,Male,sallans7i@blogger.com,948-602-3905,76352 Ruskin Avenue
CUSID272,Fabe,Cyson,Male,fcyson7j@ocn.ne.jp,437-567-0482,09943 Vahlen Terrace
CUSID273,Daryl,Stanlock,Male,dstanlock7k@state.gov,610-522-0020,915 Pennsylvania Parkway
CUSID274,Pet,Crudgington,Female,pcrudgington7l@desdev.cn,167-137-8623,8000 Stone Corner Avenue
CUSID275,Meade,Bradborne,Male,mbradborne7m@mac.com,192-183-7624,9760 Bellgrove Alley
CUSID276,Louie,Aleksandrov,Male,laleksandrov7n@sciencedirect.com,493-764-8927,3820 Pennsylvania Lane
CUSID277,Israel,Alred,Male,ialred7o@army.mil,306-660-6588,59967 Veith Point
CUSID278,Clarey,Ivanusyev,Female,civanusyev7p@vinaora.com,461-275-2954,93 Iowa Way
CUSID279,Martelle,Juszczak,Female,mjuszczak7q@bloomberg.com,977-159-2184,69 Nobel Way
CUSID280,Babbie,McCabe,Female,bmccabe7r@tiny.cc,392-749-6473,3865 Forest Trail
CUSID281,Enrichetta,Wenn,Female,ewenn7s@patch.com,242-193-6963,772 Oakridge Plaza
CUSID282,Janeva,Healks,Female,jhealks7t@usnews.com,386-107-7624,89 West Park
CUSID283,Shayne,Ingyon,Male,singyon7u@yandex.ru,569-438-9475,82 American Terrace
CUSID284,Robin,Swafield,Male,rswafield7v@businessinsider.com,835-546-5222,5 Forest Run Plaza
CUSID285,Haily,Doles,Female,hdoles7w@mysql.com,450-704-2276,207 Sutteridge Terrace
CUSID286,Sunny,Bernhard,Female,sbernhard7x@google.com.br,737-274-6383,01217 Gale Trail
CUSID287,Malva,Mc Giffin,Female,mmcgiffin7y@nih.gov,829-761-4871,61154 Stang Drive
CUSID288,Tedd,Chaters,Male,tchaters7z@wikipedia.org,567-636-1039,5559 Anhalt Circle
CUSID289,Harrison,Camilleri,Male,hcamilleri80@webmd.com,415-415-8295,86805 Macpherson Way
CUSID290,Kalil,Bediss,Male,kbediss81@alexa.com,886-421-8146,8971 Carberry Alley
CUSID291,Erich,Robinson,Male,erobinson82@feedburner.com,873-588-6414,9 Calypso Way
CUSID292,Hughie,Lumley,Male,hlumley83@zdnet.com,712-383-9486,302 Main Alley
CUSID293,Kai,Frankum,Female,kfrankum84@hc360.com,319-637-7924,7899 Crescent Oaks Avenue
CUSID294,Carline,Braim,Genderqueer,cbraim85@google.pl,444-430-0883,632 Tomscot Crossing
CUSID295,Val,Chate,Male,vchate86@nature.com,835-625-8087,02 Brickson Park Park
CUSID296,Emmott,Groger,Male,egroger87@house.gov,663-885-4786,72735 Hoepker Park
CUSID297,Wenonah,Arondel,Genderfluid,warondel88@goo.ne.jp,367-767-7322,19833 Beilfuss Terrace
CUSID298,Katherine,McColley,Female,kmccolley89@wsj.com,151-597-7475,1190 John Wall Way
CUSID299,Dell,Espinal,Male,despinal8a@cnbc.com,775-808-0363,81899 Northfield Road
CUSID300,Hayes,Wincott,Male,hwincott8b@dmoz.org,692-407-6441,35986 Arrowood Pass
CUSID301,Inge,Bonsall,Female,ibonsall8c@usatoday.com,382-545-7576,11 Spenser Point
CUSID302,Broddy,Kealey,Male,bkealey8d@zdnet.com,372-391-5534,5706 Tennessee Avenue
CUSID303,Balduin,Dunlop,Male,bdunlop8e@paypal.com,309-400-7238,832 Monument Court
CUSID304,Augustus,Mutimer,Male,amutimer8f@walmart.com,164-652-1477,2080 Walton Plaza
CUSID305,Charita,Dodwell,Female,cdodwell8g@springer.com,265-317-3222,45 Portage Terrace
CUSID306,Florinda,Brissard,Female,fbrissard8h@simplemachines.org,977-307-3888,0 Dennis Crossing
CUSID307,Kermit,Malenoir,Male,kmalenoir8i@ifeng.com,166-119-4604,0380 New Castle Parkway
CUSID308,Martita,Acklands,Female,macklands8j@amazon.co.uk,218-427-8267,913 Dakota Drive
CUSID309,Jennica,Heskin,Female,jheskin8k@myspace.com,671-411-9479,46 Grayhawk Alley
CUSID310,Nataniel,Sallows,Male,nsallows8l@howstuffworks.com,408-198-7278,32476 Lakewood Crossing
CUSID311,Annie,Southwood,Female,asouthwood8m@is.gd,699-828-2827,97693 6th Center
CUSID312,Kay,Skewes,Female,kskewes8n@discuz.net,151-598-1515,08570 Maple Wood Park
CUSID313,Leonidas,Whillock,Male,lwhillock8o@ucoz.com,220-964-6229,015 Village Court
CUSID314,Remus,Poundford,Male,rpoundford8p@howstuffworks.com,902-104-3413,5 Superior Alley
CUSID315,Anabelle,Elijahu,Female,aelijahu8q@mapquest.com,471-713-7969,198 Hintze Alley
CUSID316,Hadlee,Blackmuir,Male,hblackmuir8r@squidoo.com,649-532-4429,6 Messerschmidt Parkway
CUSID317,Viviana,Cristofori,Female,vcristofori8s@archive.org,217-166-8114,32255 Bonner Hill
CUSID318,Jamie,Haglinton,Male,jhaglinton8t@imgur.com,508-627-8774,4015 Dapin Alley
CUSID319,Werner,Mellon,Male,wmellon8u@prlog.org,176-839-8663,442 Pond Way
CUSID320,Aubree,Derrell,Female,aderrell8v@simplemachines.org,787-598-7248,9930 Jay Lane
CUSID321,Melvyn,McLarens,Male,mmclarens8w@cbslocal.com,450-477-9310,943 Commercial Center
CUSID322,Genevra,Pedel,Female,gpedel8x@jugem.jp,742-401-6302,8 Fulton Terrace
CUSID323,Benny,Kenlin,Bigender,bkenlin8y@google.co.uk,214-128-2865,6 Katie Drive
CUSID324,Lennie,Twittey,Male,ltwittey8z@un.org,488-914-8487,3 Golf View Terrace
CUSID325,Hort,Lafranconi,Male,hlafranconi90@cam.ac.uk,428-256-8602,83 Maywood Pass
CUSID326,Ninnette,Marchiso,Female,nmarchiso91@mail.ru,424-805-0258,772 Eagle Crest Circle
CUSID327,Alfie,Mabbe,Female,amabbe92@t.co,531-490-8253,9904 Forest Center
CUSID328,Katerine,Iashvili,Female,kiashvili93@de.vu,132-728-2319,571 Londonderry Avenue
CUSID329,Riobard,Hinchon,Male,rhinchon94@nhs.uk,905-154-0784,3 Crest Line Lane
CUSID330,Sasha,Skiggs,Female,sskiggs95@nature.com,441-862-5311,4 Packers Drive
CUSID331,Louella,Dekeyser,Female,ldekeyser96@si.edu,647-911-1958,11349 Claremont Court
CUSID332,Way,Quartermaine,Male,wquartermaine97@rambler.ru,315-669-3014,6182 Roth Court
CUSID333,Homer,Fearick,Male,hfearick98@deviantart.com,494-393-4822,79018 Katie Lane
CUSID334,Kincaid,Bocock,Male,kbocock99@mozilla.com,785-938-6928,81384 Myrtle Way
CUSID335,Elie,Bennedick,Female,ebennedick9a@nbcnews.com,649-533-4389,7 Hoepker Park
CUSID336,Dacy,Largan,Female,dlargan9b@techcrunch.com,774-880-1945,90807 Vahlen Center
CUSID337,Carey,Portt,Female,cportt9c@wisc.edu,292-813-8622,13 Sundown Center
CUSID338,Brockie,Fritche,Male,bfritche9d@freewebs.com,273-660-4023,0937 Columbus Street
CUSID339,Aliza,Navarre,Female,anavarre9e@sakura.ne.jp,345-429-3825,71979 Forster Way
CUSID340,Oswell,Biddleston,Male,obiddleston9f@people.com.cn,600-309-5505,23 Stephen Point
CUSID341,Arnoldo,Schriren,Male,aschriren9g@scientificamerican.com,187-927-5862,6209 Emmet Road
CUSID342,Michaela,Teresse,Female,mteresse9h@techcrunch.com,116-789-6254,58 East Crossing
CUSID343,Rickey,Ivanonko,Male,rivanonko9i@clickbank.net,323-729-6877,1437 Sachtjen Crossing
CUSID344,Shara,Kenchington,Female,skenchington9j@usa.gov,686-693-2393,1 Union Circle
CUSID345,Marcille,Cartan,Female,mcartan9k@zimbio.com,546-911-5008,5 Graceland Court
CUSID346,Celine,Gravey,Female,cgravey9l@newyorker.com,388-924-7457,8 Westridge Drive
CUSID347,Shana,Pardoe,Female,spardoe9m@altervista.org,994-878-8993,051 Miller Park
CUSID348,Ronald,Hanhardt,Male,rhanhardt9n@mtv.com,842-712-1915,6973 Crest Line Road
CUSID349,Reggi,Itzhayek,Female,ritzhayek9o@hatena.ne.jp,173-440-9704,83 Farragut Way
CUSID350,Daniele,Brognot,Female,dbrognot9p@wsj.com,564-201-8663,5 Sommers Drive
CUSID351,Lanie,Guillot,Male,lguillot9q@cmu.edu,707-672-2021,3368 Forest Alley
CUSID352,Merle,Cussen,Female,mcussen9r@npr.org,421-713-8816,18 Waxwing Road
CUSID353,Loutitia,Frazer,Female,lfrazer9s@tiny.cc,689-568-2134,18 Coleman Pass
CUSID354,Dinah,Tumulty,Female,dtumulty9t@tinypic.com,453-970-1121,3764 Farwell Road
CUSID355,Valentin,Sieghart,Male,vsieghart9u@nbcnews.com,745-618-0070,2028 Cambridge Terrace
CUSID356,Fergus,Guillard,Male,fguillard9v@google.ru,598-305-1457,77 Eagan Pass
CUSID357,Fraze,Merck,Male,fmerck9w@storify.com,567-883-8076,92 Butterfield Circle
CUSID358,Beckie,Pistol,Female,bpistol9x@last.fm,258-678-0921,0053 Loftsgordon Hill
CUSID359,Micheal,Fricke,Male,mfricke9y@netlog.com,133-359-4386,950 Raven Parkway
CUSID360,Marcelline,Dimmne,Polygender,mdimmne9z@privacy.gov.au,451-360-8331,5 Hintze Circle
CUSID361,Fiann,Rosenhaupt,Female,frosenhaupta0@skype.com,122-380-5903,6487 Killdeer Alley
CUSID362,Jenni,Murrey,Female,jmurreya1@hibu.com,375-804-1925,56 Laurel Avenue
CUSID363,Mae,Weagener,Female,mweagenera2@un.org,154-767-4363,04617 Merrick Hill
CUSID364,Berny,O'Cannovane,Male,bocannovanea3@nih.gov,882-271-3988,4 Reinke Road
CUSID365,Cthrine,Stood,Polygender,cstooda4@baidu.com,727-513-7407,610 Donald Circle
CUSID366,Jeniece,Derrick,Female,jderricka5@economist.com,711-581-2799,4622 Warbler Plaza
CUSID367,Faith,Rheam,Female,frheama6@devhub.com,629-582-6918,677 Oriole Trail
CUSID368,Barty,Jiru,Polygender,bjirua7@meetup.com,554-795-5214,689 Bonner Circle
CUSID369,Teddie,Meaking,Female,tmeakinga8@npr.org,938-914-0693,17091 Fair Oaks Avenue
CUSID370,Carlee,Biesterfeld,Female,cbiesterfelda9@army.mil,826-182-1071,68 Little Fleur Court
CUSID371,Elva,Bortoluzzi,Female,ebortoluzziaa@infoseek.co.jp,264-694-4447,113 Loomis Terrace
CUSID372,Betsy,Phillippo,Female,bphillippoab@census.gov,415-406-4903,050 Cordelia Hill
CUSID373,Minne,Nayshe,Female,mnaysheac@t.co,636-598-4044,090 Cherokee Parkway
CUSID374,Finlay,Burge,Male,fburgead@lulu.com,122-528-3419,0 Crownhardt Trail
CUSID375,Ware,Surmeyer,Male,wsurmeyerae@sitemeter.com,388-625-4894,90183 Messerschmidt Center
CUSID376,Derick,Dunkirk,Male,ddunkirkaf@ox.ac.uk,834-375-6383,28279 Hudson Street
CUSID377,Honoria,Stuchburie,Female,hstuchburieag@forbes.com,686-843-1911,9 Vera Point
CUSID378,Bethena,Billion,Female,bbillionah@reference.com,167-717-8082,1837 Pond Crossing
CUSID379,Tamra,Fidgeon,Female,tfidgeonai@t.co,331-229-3489,03499 Everett Street
CUSID380,Nonie,Pikett,Female,npikettaj@wired.com,441-155-3335,18668 Redwing Pass
CUSID381,Ange,Timson,Genderfluid,atimsonak@ocn.ne.jp,294-717-4481,1622 Hallows Junction
CUSID382,Lancelot,Gilstin,Male,lgilstinal@discovery.com,950-372-9809,15 Scofield Circle
CUSID383,Annabel,Christol,Female,achristolam@seesaa.net,430-313-1468,29172 Beilfuss Lane
CUSID384,Griffith,Carles,Male,gcarlesan@w3.org,507-963-3982,561 Tony Avenue
CUSID385,Jackie,Gettens,Male,jgettensao@hubpages.com,953-112-3934,4 Hermina Street
CUSID386,Chelsy,Haggis,Female,chaggisap@about.com,986-664-9382,9000 Carioca Circle
CUSID387,Georgia,Pattie,Polygender,gpattieaq@msn.com,735-302-1081,69 Charing Cross Hill
CUSID388,Rebekkah,Verzey,Female,rverzeyar@newsvine.com,539-419-5233,86062 Hooker Avenue
CUSID389,Stanleigh,Titcom,Male,stitcomas@goo.ne.jp,483-975-0077,46932 Ilene Hill
CUSID390,Janith,Hundy,Female,jhundyat@mashable.com,948-764-7868,9220 Grim Crossing
CUSID391,Regen,Shotter,Male,rshotterau@ucoz.ru,695-128-7724,89873 Holmberg Center
CUSID392,Andromache,Sherburn,Female,asherburnav@quantcast.com,201-167-1604,4965 Summer Ridge Place
CUSID393,Llywellyn,Swate,Bigender,lswateaw@nba.com,246-994-9755,725 Scott Parkway
CUSID394,Torey,Sotworth,Male,tsotworthax@huffingtonpost.com,608-253-1463,2 Stone Corner Court
CUSID395,Emelina,Bunclark,Female,ebunclarkay@marriott.com,847-935-3660,86 Vidon Plaza
CUSID396,Rickey,Armatidge,Male,rarmatidgeaz@prnewswire.com,438-414-9573,672 Maryland Junction
CUSID397,Minor,Slingsby,Male,mslingsbyb0@princeton.edu,246-955-9221,472 Eagan Center
CUSID398,Marlene,Skellon,Bigender,mskellonb1@uiuc.edu,968-834-0251,4 Everett Terrace
CUSID399,Zorina,Tipper,Female,ztipperb2@jigsy.com,782-908-7050,32 Morning Pass
CUSID400,Marianna,Accomb,Female,maccombb3@hhs.gov,228-470-5603,901 Declaration Alley
CUSID401,Lincoln,Bremeyer,Male,lbremeyerb4@4shared.com,365-823-7083,92371 Pierstorff Center
CUSID402,Gonzalo,Roscam,Male,groscamb5@de.vu,339-594-3528,17754 Forest Center
CUSID403,Emma,Agdahl,Female,eagdahlb6@gmpg.org,167-642-5664,20 Thackeray Center
CUSID404,Genevra,Casali,Female,gcasalib7@devhub.com,911-768-6196,871 Manley Avenue
CUSID405,Gard,Reams,Male,greamsb8@booking.com,164-344-3352,1 Maywood Plaza
CUSID406,Meredith,Galley,Polygender,mgalleyb9@storify.com,390-161-9029,34 High Crossing Terrace
CUSID407,Alyda,Rowbottom,Female,arowbottomba@shareasale.com,356-460-3904,0 Chive Lane
CUSID408,Ogdan,Dacca,Male,odaccabb@technorati.com,112-380-1693,81226 Summerview Point
CUSID409,Meryl,Attard,Female,mattardbc@vimeo.com,981-290-8597,923 Waubesa Lane
CUSID410,Joyce,Marians,Female,jmariansbd@icq.com,260-774-5397,177 Farwell Way
CUSID411,Park,Fife,Male,pfifebe@acquirethisname.com,747-382-9987,287 Westridge Pass
CUSID412,Jobi,Sisse,Female,jsissebf@privacy.gov.au,791-942-1328,60486 Stone Corner Park
CUSID413,Arturo,Suttle,Male,asuttlebg@ft.com,648-720-6801,9 Holmberg Avenue
CUSID414,Chelsy,Penhalurick,Genderqueer,cpenhalurickbh@un.org,612-243-6667,62545 Texas Lane
CUSID415,Davide,Drogan,Male,ddroganbi@addtoany.com,149-408-5734,10 Linden Circle
CUSID416,Jonas,Starrs,Male,jstarrsbj@github.com,814-732-3727,60 3rd Alley
CUSID417,Francesca,Itzhayek,Female,fitzhayekbk@nationalgeographic.com,442-780-6760,1 Marcy Crossing
CUSID418,Barb,Liddon,Female,bliddonbl@newyorker.com,333-821-4738,5 Stone Corner Point
CUSID419,Julian,Eburah,Male,jeburahbm@foxnews.com,729-912-0464,41 Towne Place
CUSID420,Cull,Chazelle,Male,cchazellebn@facebook.com,703-737-4417,78 Kensington Street
CUSID421,Brina,Wybrow,Female,bwybrowbo@over-blog.com,528-938-4558,3 Pankratz Crossing
CUSID422,Iggy,Pannaman,Male,ipannamanbp@cloudflare.com,972-213-2939,61061 Amoth Trail
CUSID423,Nils,Stoute,Bigender,nstoutebq@com.com,337-696-9341,074 Mesta Alley
CUSID424,Torrey,Buxsey,Male,tbuxseybr@hostgator.com,690-280-0521,64581 Maple Trail
CUSID425,Amanda,Osgood,Agender,aosgoodbs@nyu.edu,296-950-0182,87 Golden Leaf Plaza
CUSID426,Minny,Bruni,Agender,mbrunibt@imageshack.us,284-825-5597,18 Macpherson Court
CUSID427,Layne,McCallister,Female,lmccallisterbu@zimbio.com,922-904-7229,66901 Dapin Court
CUSID428,Damara,Bodd,Female,dboddbv@msn.com,671-170-9939,9 Arizona Junction
CUSID429,Adel,Jannequin,Female,ajannequinbw@exblog.jp,543-783-3414,356 Gulseth Alley
CUSID430,Lee,Goward,Male,lgowardbx@vkontakte.ru,370-611-9500,5436 Cascade Street
CUSID431,Cecilia,Biasini,Female,cbiasiniby@deviantart.com,737-493-9547,48 Chinook Court
CUSID432,Reilly,Kimbrey,Male,rkimbreybz@cdc.gov,559-424-8002,87 Macpherson Crossing
CUSID433,Yoshi,Trevaskus,Female,ytrevaskusc0@tamu.edu,576-610-2112,6907 Amoth Plaza
CUSID434,Winnie,Bragginton,Female,wbraggintonc1@networksolutions.com,670-121-7476,1160 Express Parkway
CUSID435,Brigida,Puddin,Female,bpuddinc2@statcounter.com,504-238-5753,67 Crownhardt Parkway
CUSID436,Yves,Dive,Agender,ydivec3@hexun.com,308-345-4580,0 Stone Corner Drive
CUSID437,Cosetta,Guesford,Female,cguesfordc4@shutterfly.com,603-509-1978,14857 Delladonna Alley
CUSID438,Alair,Backhouse,Male,abackhousec5@google.pl,927-507-6637,87 Lakewood Gardens Crossing
CUSID439,Kalindi,Forseith,Female,kforseithc6@state.gov,405-848-9548,2576 Westend Crossing
CUSID440,Donnie,Danne,Male,ddannec7@mail.ru,936-639-4562,5061 American Drive
CUSID441,Padgett,Ivakhno,Male,pivakhnoc8@phpbb.com,569-556-7439,312 3rd Drive
CUSID442,Natassia,Lead,Female,nleadc9@homestead.com,634-564-0576,237 Hintze Hill
CUSID443,Magdalene,Povah,Female,mpovahca@a8.net,939-196-1688,8 Farmco Place
CUSID444,Brigid,Thurner,Female,bthurnercb@opensource.org,911-816-6426,8 Northport Lane
CUSID445,Perle,Dellenbach,Female,pdellenbachcc@facebook.com,391-205-5082,61835 Corry Way
CUSID446,Angil,Gookey,Female,agookeycd@i2i.jp,912-622-3865,4159 Debs Junction
CUSID447,Ethelin,Elvidge,Female,eelvidgece@sourceforge.net,384-437-8783,563 Thackeray Circle
CUSID448,Ainslie,Filisov,Female,afilisovcf@rakuten.co.jp,346-865-3677,4 Hayes Circle
CUSID449,Hedwig,Hedge,Female,hhedgecg@netlog.com,682-733-6098,45 Alpine Street
CUSID450,Shandeigh,Deeney,Female,sdeeneych@nyu.edu,109-962-9220,88944 7th Crossing
CUSID451,Gisela,Toulch,Female,gtoulchci@uiuc.edu,520-608-7449,18094 Calypso Terrace
CUSID452,Valerie,Cecil,Genderfluid,vcecilcj@guardian.co.uk,320-154-2532,4458 Karstens Lane
CUSID453,Delmar,Bedells,Male,dbedellsck@addthis.com,469-313-1637,73 Holmberg Trail
CUSID454,Fidole,Howse,Male,fhowsecl@yale.edu,640-671-2302,9106 Kedzie Place
CUSID455,Karl,Robertucci,Male,krobertuccicm@arizona.edu,771-959-8204,43136 Hooker Parkway
CUSID456,Amalie,Cudbertson,Female,acudbertsoncn@woothemes.com,525-781-1591,85 Cottonwood Terrace
CUSID457,Brennen,Burfield,Male,bburfieldco@scientificamerican.com,692-971-5389,2 David Way
CUSID458,Nealson,FitzGilbert,Male,nfitzgilbertcp@aol.com,533-154-1169,76 Maryland Place
CUSID459,Avigdor,Netherclift,Male,anethercliftcq@mayoclinic.com,816-956-3948,36878 Gina Alley
CUSID460,Anthia,Crawford,Female,acrawfordcr@geocities.com,362-498-3222,1 Elgar Pass
CUSID461,Gilbert,Wabe,Male,gwabecs@w3.org,267-974-0318,92 Little Fleur Way
CUSID462,Gwynne,Ayce,Genderqueer,gaycect@cdc.gov,816-159-6907,95 Claremont Trail
CUSID463,Kellen,McCamish,Female,kmccamishcu@nhs.uk,354-983-5645,09549 Holy Cross Crossing
CUSID464,Harriott,Pohl,Bigender,hpohlcv@linkedin.com,313-560-5856,50 Rutledge Parkway
CUSID465,Allx,Kedward,Female,akedwardcw@uol.com.br,713-247-2775,250 Melody Crossing
CUSID466,Lammond,Quiddinton,Male,lquiddintoncx@usda.gov,756-972-6677,1 Rieder Alley
CUSID467,Ashby,Avory,Male,aavorycy@ow.ly,741-537-9569,104 Hoard Junction
CUSID468,Cam,Yate,Male,cyatecz@rediff.com,158-432-4700,5984 Westend Lane
CUSID469,Bambie,Lemmon,Female,blemmond0@biblegateway.com,264-280-0245,4674 Ronald Regan Way
CUSID470,Donica,Scargill,Female,dscargilld1@dell.com,657-881-2635,6 Hooker Pass
CUSID471,Ermina,Felce,Polygender,efelced2@wsj.com,354-473-1451,1 Chive Drive
CUSID472,Conway,Nyland,Male,cnylandd3@gmpg.org,745-293-9985,874 Corry Trail
CUSID473,Ilysa,McKeran,Female,imckerand4@xing.com,904-615-4376,831 Pond Crossing
CUSID474,Adorne,Filyakov,Female,afilyakovd5@cisco.com,168-410-2478,81050 Lotheville Junction
CUSID475,Garth,Hallin,Male,ghallind6@si.edu,811-608-4888,236 Sunbrook Crossing
CUSID476,Jessie,Tuison,Male,jtuisond7@icq.com,352-429-1555,5801 Pankratz Junction
CUSID477,Jessalin,Boustead,Female,jbousteadd8@vkontakte.ru,158-480-0196,15914 Hauk Junction
CUSID478,Feodor,Shuttle,Male,fshuttled9@upenn.edu,400-605-0889,68010 Vera Lane
CUSID479,Sheffy,Basili,Male,sbasilida@digg.com,749-164-5631,71271 Walton Crossing
CUSID480,Tallie,Eicke,Male,teickedb@paypal.com,842-570-6069,9 Almo Hill
CUSID481,Brod,Elce,Male,belcedc@prnewswire.com,844-713-5168,18695 Nancy Drive
CUSID482,Lucy,Braybrook,Female,lbraybrookdd@mozilla.org,989-133-2754,15 Village Point
CUSID483,Essie,Tombleson,Female,etomblesonde@quantcast.com,967-131-7967,1851 Kedzie Circle
CUSID484,Bobby,Grebbin,Male,bgrebbindf@deviantart.com,986-369-5823,6738 Rowland Alley
CUSID485,Chico,Tomalin,Male,ctomalindg@china.com.cn,392-668-5763,75253 Morning Pass
CUSID486,Jobina,Deware,Female,jdewaredh@symantec.com,703-281-7521,5152 Onsgard Court
CUSID487,Rubi,Cabble,Female,rcabbledi@cbsnews.com,364-905-0461,293 School Alley
CUSID488,Anne,Hale,Female,ahaledj@ox.ac.uk,772-294-0990,489 Kinsman Way
CUSID489,Frederich,Dalbey,Male,fdalbeydk@miitbeian.gov.cn,215-201-2568,9279 Village Crossing
CUSID490,Felipa,Dhillon,Female,fdhillondl@yandex.ru,612-194-8063,3 Roxbury Place
CUSID491,Roxana,Jaze,Female,rjazedm@upenn.edu,540-879-5476,57311 Kropf Alley
CUSID492,Odey,Schettini,Male,oschettinidn@sourceforge.net,185-773-7410,6 Schlimgen Point
CUSID493,Morten,Gratrix,Male,mgratrixdo@japanpost.jp,688-906-7887,5916 Main Circle
CUSID494,Lilli,Farrell,Female,lfarrelldp@github.io,603-608-7734,19303 Summerview Plaza
CUSID495,Letisha,Enders,Female,lendersdq@umn.edu,868-185-9851,5728 Old Gate Road
CUSID496,Bunni,McOnie,Female,bmconiedr@theatlantic.com,513-474-5666,5 Nelson Place
CUSID497,Jammal,Macrae,Male,jmacraeds@nbcnews.com,234-543-7697,15465 Buell Way
CUSID498,Jonell,Croft,Non-binary,jcroftdt@phpbb.com,838-523-5765,49193 Atwood Hill
CUSID499,Ferdy,Scudamore,Male,fscudamoredu@usa.gov,292-340-6711,16 Farmco Court
CUSID500,Kenny,Trevino,Male,ktrevinodv@mlb.com,709-634-2132,52 Eastwood Street
CUSID501,Rochester,Lean,Male,rleandw@google.fr,847-591-0396,33 Anderson Parkway
CUSID502,Giffer,Levett,Male,glevettdx@weebly.com,309-516-0564,1439 Hayes Parkway
CUSID503,Fin,Eringey,Male,feringeydy@marriott.com,275-407-5230,7610 Sutherland Hill
CUSID504,Panchito,Staining,Bigender,pstainingdz@illinois.edu,788-477-6588,583 Little Fleur Center
CUSID505,Evey,Peagram,Female,epeagrame0@vimeo.com,545-854-7327,6450 Roth Lane
CUSID506,Kendal,Bawme,Male,kbawmee1@columbia.edu,641-961-7829,752 4th Hill
CUSID507,Alick,Streatfeild,Male,astreatfeilde2@discuz.net,225-758-8364,5342 Prairie Rose Circle
CUSID508,Cornie,Iannuzzi,Male,ciannuzzie3@feedburner.com,455-725-4355,86098 Scott Trail
CUSID509,Merridie,Sextone,Female,msextonee4@issuu.com,648-574-0641,3 Jana Crossing
CUSID510,Pace,Langsdon,Male,plangsdone5@addtoany.com,744-726-8434,743 Hazelcrest Crossing
CUSID511,Tobit,Kalinsky,Male,tkalinskye6@vistaprint.com,179-130-3181,055 Trailsway Center
CUSID512,Gil,Whitbread,Male,gwhitbreade7@nymag.com,498-254-8540,2 Village Green Park
CUSID513,Cameron,MacIlhargy,Male,cmacilhargye8@whitehouse.gov,982-697-0617,70061 Loomis Alley
CUSID514,Edgardo,Hairyes,Male,ehairyese9@harvard.edu,379-369-4009,70831 Ridgeview Circle
CUSID515,Israel,Malster,Male,imalsterea@java.com,207-534-0040,92305 Dwight Alley
CUSID516,Lisetta,Eede,Female,leedeeb@shop-pro.jp,257-302-3569,35414 West Terrace
CUSID517,Bailie,Guitel,Male,bguitelec@meetup.com,606-188-2592,336 Manufacturers Circle
CUSID518,Blythe,Lorimer,Female,blorimered@networkadvertising.org,167-631-9689,97 Kingsford Center
CUSID519,Tony,Faloon,Male,tfaloonee@whitehouse.gov,422-260-4990,55120 Haas Center
CUSID520,Malorie,Tinsey,Female,mtinseyef@dropbox.com,496-462-7317,3442 Granby Center
CUSID521,Hyacinthia,Fidell,Female,hfidelleg@guardian.co.uk,921-135-7611,57 Texas Court
CUSID522,Vidovic,Youles,Male,vyouleseh@issuu.com,249-801-7963,5293 Nancy Trail
CUSID523,Harley,MacDonnell,Female,hmacdonnellei@icq.com,596-138-6721,601 Fair Oaks Center
CUSID524,Kenna,Mc Curlye,Female,kmccurlyeej@earthlink.net,661-352-8682,75069 Swallow Road
CUSID525,Morgan,Oldford,Female,moldfordek@trellian.com,996-549-3232,56559 East Street
CUSID526,Nettle,Mizen,Female,nmizenel@amazon.co.uk,484-486-7017,78 Brentwood Crossing
CUSID527,Yule,Chaney,Male,ychaneyem@pbs.org,935-146-1139,2 Vahlen Trail
CUSID528,Fenelia,McTavish,Genderfluid,fmctavishen@time.com,459-966-3600,5547 Truax Drive
CUSID529,Erin,De Francesco,Female,edefrancescoeo@360.cn,860-826-7417,97 Roth Way
CUSID530,Esra,Ion,Male,eionep@mozilla.com,318-978-0202,6960 Ryan Avenue
CUSID531,Shelby,Culy,Female,sculyeq@nytimes.com,952-962-8836,19 Kings Center
CUSID532,Abey,Cecil,Male,aceciler@patch.com,335-323-4762,9 Cardinal Drive
CUSID533,Caro,Croot,Female,ccrootes@theatlantic.com,868-406-3043,53 Kim Park
CUSID534,Herve,Alekhov,Male,halekhovet@godaddy.com,355-365-1356,06 Bluestem Way
CUSID535,Aubry,Tipperton,Female,atippertoneu@wordpress.com,926-319-1586,26 East Hill
CUSID536,Gery,O'Haire,Bigender,gohaireev@xing.com,663-952-2750,8 Lakewood Gardens Avenue
CUSID537,Teirtza,Benley,Female,tbenleyew@kickstarter.com,251-539-1569,105 Waubesa Park
CUSID538,Filippo,Culp,Genderfluid,fculpex@unesco.org,882-464-1788,8565 Steensland Way
CUSID539,Jaine,Riseborough,Female,jriseboroughey@webmd.com,103-838-1197,4 Golf Point
CUSID540,Verina,Leving,Female,vlevingez@mail.ru,865-803-2125,0 Pennsylvania Alley
CUSID541,Alasteir,Gerold,Male,ageroldf0@rambler.ru,618-943-6204,669 Gina Point
CUSID542,Addie,Trevor,Male,atrevorf1@sakura.ne.jp,657-532-1223,648 Eliot Junction
CUSID543,Northrop,Cino,Male,ncinof2@soundcloud.com,393-525-2109,035 Mcguire Parkway
CUSID544,Amelita,Skarin,Genderfluid,askarinf3@hatena.ne.jp,520-232-2590,95 Beilfuss Road
CUSID545,Renie,Coventon,Female,rcoventonf4@wunderground.com,679-502-9204,65474 Upham Parkway
CUSID546,Lezley,McNab,Non-binary,lmcnabf5@etsy.com,513-743-3604,08082 Village Pass
CUSID547,Hillard,Hebborne,Agender,hhebbornef6@webmd.com,132-959-8230,7310 Holmberg Street
CUSID548,Thom,Woodfine,Male,twoodfinef7@theglobeandmail.com,605-861-3107,965 Morning Road
CUSID549,Ulrika,Cheley,Non-binary,ucheleyf8@sbwire.com,110-362-7015,96 Milwaukee Alley
CUSID550,Clemmie,Burberry,Male,cburberryf9@jimdo.com,843-339-9155,03 Bonner Plaza
CUSID551,Corny,Quiddihy,Male,cquiddihyfa@sfgate.com,346-591-0924,985 Dawn Avenue
CUSID552,Celisse,Muzzlewhite,Agender,cmuzzlewhitefb@google.nl,566-543-7698,3457 Everett Point
CUSID553,Yorker,Devine,Male,ydevinefc@elpais.com,173-542-0638,941 Del Mar Lane
CUSID554,Charles,MacGilpatrick,Genderfluid,cmacgilpatrickfd@people.com.cn,466-598-6220,9 Harbort Crossing
CUSID555,Shannan,Gilberthorpe,Male,sgilberthorpefe@hostgator.com,363-743-1426,17463 Spohn Hill
CUSID556,Gregoire,Fitter,Genderfluid,gfitterff@utexas.edu,905-937-0421,97 Killdeer Avenue
CUSID557,Lorin,Anersen,Male,lanersenfg@4shared.com,322-657-8595,3 Canary Point
CUSID558,Leela,Kezourec,Non-binary,lkezourecfh@exblog.jp,438-321-0898,7952 Porter Court
CUSID559,Errick,Tooke,Bigender,etookefi@pen.io,860-591-4598,560 Fisk Place
CUSID560,Virge,Dinwoodie,Male,vdinwoodiefj@clickbank.net,547-235-7718,15779 Shelley Point
CUSID561,Andrus,Facchini,Male,afacchinifk@arizona.edu,901-497-4302,60559 Vera Alley
CUSID562,Gleda,Bigadike,Female,gbigadikefl@cdbaby.com,869-914-2305,2860 Troy Plaza
CUSID563,Emeline,Chadwick,Female,echadwickfm@elpais.com,302-351-4859,70 Banding Plaza
CUSID564,Kerianne,Bloore,Female,kbloorefn@cdbaby.com,307-104-0235,1436 Sommers Court
CUSID565,Shaina,Robker,Female,srobkerfo@skype.com,596-768-2432,5 Delaware Place
CUSID566,Edie,Cafe,Bigender,ecafefp@reddit.com,858-306-9873,98062 Fallview Junction
CUSID567,Isak,Birkenhead,Male,ibirkenheadfq@bigcartel.com,656-149-8133,6166 Calypso Road
CUSID568,Sapphira,Sherrett,Female,ssherrettfr@booking.com,559-834-3642,100 La Follette Trail
CUSID569,Rudolph,Jopke,Male,rjopkefs@washingtonpost.com,626-979-0108,49397 Armistice Pass
CUSID570,Isidora,Ranfield,Female,iranfieldft@google.com.br,470-904-1369,417 Hazelcrest Terrace
CUSID571,Johnath,Wick,Female,jwickfu@wikispaces.com,689-993-9535,6 Dorton Crossing
CUSID572,Aldis,Basso,Male,abassofv@miibeian.gov.cn,226-552-4596,6678 Homewood Parkway
CUSID573,Hughie,Heineking,Male,hheinekingfw@posterous.com,210-115-2821,98 Eastwood Court
CUSID574,Erie,Leeman,Male,eleemanfx@loc.gov,164-391-9602,02212 Summit Court
CUSID575,Olin,Scampion,Male,oscampionfy@reddit.com,267-824-8004,18651 Sundown Center
CUSID576,Devland,Ziem,Male,dziemfz@xrea.com,965-765-9163,6 Rusk Avenue
CUSID577,Obediah,Rapport,Male,orapportg0@webmd.com,502-582-1326,05 Jay Trail
CUSID578,Leoine,Karpeev,Female,lkarpeevg1@about.me,808-468-5843,65367 Logan Alley
CUSID579,Jacinta,Sayse,Female,jsayseg2@google.ru,970-417-9880,1675 Claremont Trail
CUSID580,Sancho,Seamer,Male,sseamerg3@wiley.com,633-188-5837,60 Riverside Place
CUSID581,Elysee,Newland,Bigender,enewlandg4@homestead.com,874-480-8521,2 Mitchell Street
CUSID582,Nehemiah,Matusov,Male,nmatusovg5@twitter.com,543-279-5590,3 Basil Pass
CUSID583,Craig,Yerson,Male,cyersong6@stanford.edu,423-865-5713,00 Delladonna Junction
CUSID584,Morgan,Cuniam,Female,mcuniamg7@miitbeian.gov.cn,680-256-5474,32 Mcbride Parkway
CUSID585,Shane,Peek,Male,speekg8@nationalgeographic.com,790-789-8251,79 Artisan Plaza
CUSID586,Jackson,Richter,Male,jrichterg9@ebay.com,825-287-7227,67 Jackson Lane
CUSID587,Barbaraanne,Duley,Female,bduleyga@taobao.com,728-674-8045,0262 Stuart Court
CUSID588,Paul,Tizzard,Male,ptizzardgb@google.co.uk,561-822-3602,4 Heffernan Crossing
CUSID589,Sheryl,Mongain,Genderfluid,smongaingc@nifty.com,375-675-7777,175 Heffernan Hill
CUSID590,Laetitia,Blacklawe,Female,lblacklawegd@moonfruit.com,345-345-2561,0728 Washington Pass
CUSID591,Liana,Cinnamond,Genderfluid,lcinnamondge@123-reg.co.uk,210-858-1777,9126 Fordem Plaza
CUSID592,Had,Treharne,Male,htreharnegf@mozilla.org,881-392-9294,79319 Farmco Circle
CUSID593,Diego,Feaster,Male,dfeastergg@weibo.com,203-324-1850,13134 Scoville Parkway
CUSID594,Nealon,Templeton,Male,ntempletongh@freewebs.com,525-530-5719,1 Algoma Avenue
CUSID595,Etta,Gratten,Female,egrattengi@istockphoto.com,195-349-7741,13 Center Terrace
CUSID596,Oneida,Gange,Female,ogangegj@twitter.com,561-184-5150,166 Miller Center
CUSID597,Constantine,Polle,Male,cpollegk@epa.gov,218-406-9552,435 Oxford Junction
CUSID598,Chas,Asbery,Male,casberygl@go.com,584-209-4689,46 Commercial Terrace
CUSID599,Goldarina,Reinbech,Female,greinbechgm@weibo.com,258-511-6277,5 Atwood Drive
CUSID600,Candra,Reignould,Female,creignouldgn@webs.com,622-745-6319,9204 Pennsylvania Terrace
CUSID601,Otis,Leggis,Male,oleggisgo@tinyurl.com,337-470-8750,98612 Dunning Place
CUSID602,Dennison,Sinott,Male,dsinottgp@state.gov,528-937-9125,1 Glendale Plaza
CUSID603,Simonne,Morewood,Female,smorewoodgq@feedburner.com,587-862-9393,633 Sunnyside Court
CUSID604,Gilbertine,Sabathier,Female,gsabathiergr@imdb.com,245-463-6950,20 Hanson Road
CUSID605,Patton,Audiss,Male,paudissgs@hostgator.com,531-840-3514,52133 Colorado Crossing
CUSID606,Felicio,Duckers,Male,fduckersgt@illinois.edu,845-710-1237,33859 Farragut Parkway
CUSID607,Reinhard,Carville,Male,rcarvillegu@dagondesign.com,484-303-3410,70 Amoth Hill
CUSID608,Samara,Gascoyne,Female,sgascoynegv@unesco.org,648-145-8997,90 Randy Place
CUSID609,Belita,Ailmer,Female,bailmergw@elpais.com,218-756-2638,9539 Corscot Drive
CUSID610,Amandie,Burde,Female,aburdegx@icio.us,703-633-9603,111 Steensland Pass
CUSID611,Shermie,Kett,Male,skettgy@nifty.com,480-709-1871,30 Scofield Center
CUSID612,Lionel,Bacchus,Male,lbacchusgz@soundcloud.com,996-280-8445,2015 Starling Center
CUSID613,Fonzie,MacGaughey,Genderqueer,fmacgaugheyh0@apple.com,647-687-4203,24 East Point
CUSID614,Mada,Paviour,Bigender,mpaviourh1@goo.gl,209-981-3196,26829 Memorial Center
CUSID615,Darryl,Finlay,Female,dfinlayh2@jiathis.com,307-914-3518,0 Gerald Plaza
CUSID616,Paolo,Leguay,Agender,pleguayh3@dyndns.org,636-288-4486,72657 Schurz Parkway
CUSID617,Vick,Okenden,Male,vokendenh4@seesaa.net,861-293-4620,6105 Daystar Circle
CUSID618,Rustie,Ballaam,Male,rballaamh5@home.pl,444-425-8344,01 Vahlen Circle
CUSID619,Lion,Izkovitz,Agender,lizkovitzh6@t-online.de,955-421-5067,35205 Granby Crossing
CUSID620,Caryl,Sangwine,Female,csangwineh7@disqus.com,770-501-0974,57 Prentice Court
CUSID621,Emelyne,Shortan,Female,eshortanh8@blog.com,855-680-1160,5738 Hooker Way
CUSID622,Gerardo,Danelutti,Male,gdaneluttih9@craigslist.org,135-476-9931,2 Fairview Alley
CUSID623,Gloriana,Packwood,Female,gpackwoodha@dedecms.com,418-251-1407,458 Luster Junction
CUSID624,Juli,Little,Female,jlittlehb@discovery.com,789-384-7073,1994 Cardinal Park
CUSID625,Nikolai,Ochterlony,Male,nochterlonyhc@desdev.cn,855-239-5542,597 Center Junction
CUSID626,Augie,Dudden,Male,aduddenhd@ehow.com,828-806-8727,747 Hovde Point
CUSID627,Ettore,Klima,Male,eklimahe@yahoo.com,738-334-0703,1 Cambridge Pass
CUSID628,Jefferey,Mariaud,Polygender,jmariaudhf@google.pl,297-741-1702,7 Knutson Pass
CUSID629,Trista,Momford,Female,tmomfordhg@ucla.edu,312-255-3986,33522 Lindbergh Alley
CUSID630,Ralph,Sidlow,Male,rsidlowhh@163.com,122-472-7788,37 Ilene Place
CUSID631,Bud,Scopes,Polygender,bscopeshi@vk.com,891-456-1701,86265 Moland Drive
CUSID632,Larina,Gipp,Female,lgipphj@smugmug.com,887-962-4240,55045 Eastlawn Court
CUSID633,Orton,Dummigan,Male,odummiganhk@illinois.edu,125-111-4779,8 Brickson Park Circle
CUSID634,Fidelia,Lardiner,Female,flardinerhl@twitter.com,178-289-7065,7 Butternut Parkway
CUSID635,Harmony,Pendergrast,Female,hpendergrasthm@independent.co.uk,254-731-5478,54 Laurel Road
CUSID636,Gweneth,Hitcham,Female,ghitchamhn@java.com,169-374-0651,27 Iowa Way
CUSID637,Godart,Brinkler,Male,gbrinklerho@boston.com,981-563-1685,863 Norway Maple Lane
CUSID638,Ivy,Beardshaw,Female,ibeardshawhp@nhs.uk,104-801-5924,03 North Circle
CUSID639,Veronica,Silberschatz,Female,vsilberschatzhq@msn.com,436-721-1815,7 Parkside Lane
CUSID640,Cyndi,Banaszczyk,Female,cbanaszczykhr@statcounter.com,693-607-2038,6 Longview Street
CUSID641,Jeniece,Fonte,Female,jfontehs@tripadvisor.com,108-182-8977,02552 Cambridge Terrace
CUSID642,Hort,Matteris,Genderqueer,hmatterisht@mapy.cz,855-811-1301,4516 Westport Alley
CUSID643,Phyllis,Fortnon,Female,pfortnonhu@ucoz.com,943-605-1141,47892 Summit Drive
CUSID644,Modesta,McCrackem,Female,mmccrackemhv@aol.com,287-998-1119,68812 Wayridge Street
CUSID645,Gerladina,Pettyfer,Female,gpettyferhw@usatoday.com,993-917-8648,3 Anhalt Avenue
CUSID646,Fancy,Haresnape,Female,fharesnapehx@cbsnews.com,802-551-0161,6261 4th Pass
CUSID647,Noland,Yielding,Male,nyieldinghy@whitehouse.gov,930-791-9961,677 Beilfuss Park
CUSID648,Alfred,Santo,Male,asantohz@umich.edu,555-332-5899,1524 Spenser Plaza
CUSID649,Ellerey,Skottle,Polygender,eskottlei0@army.mil,173-488-1661,1 Doe Crossing Crossing
CUSID650,Marie,Yearnes,Female,myearnesi1@gov.uk,805-812-6010,12 Troy Terrace
CUSID651,Millard,Shute,Male,mshutei2@blogs.com,182-641-5949,6634 Transport Street
CUSID652,Munroe,Stot,Male,mstoti3@nymag.com,691-722-4809,4661 Eagle Crest Alley
CUSID653,Chrystal,Tyzack,Female,ctyzacki4@google.com.br,172-648-4157,720 David Alley
CUSID654,Dahlia,Jickles,Female,djicklesi5@archive.org,632-757-9575,12 Superior Place
CUSID655,Shelden,Raeside,Male,sraesidei6@zdnet.com,376-631-0909,868 Delaware Alley
CUSID656,Geoffry,Fruish,Male,gfruishi7@google.com.au,466-790-3501,3 Susan Avenue
CUSID657,Onida,Dumbleton,Female,odumbletoni8@flickr.com,864-798-2296,042 Morning Street
CUSID658,Alic,Bwy,Male,abwyi9@cdbaby.com,399-692-0689,85033 Rockefeller Street
CUSID659,Angus,Matej,Male,amatejia@oaic.gov.au,683-721-9203,923 Center Parkway
CUSID660,Claude,Staziker,Female,cstazikerib@wisc.edu,321-508-0591,20 Gina Circle
CUSID661,Marta,Knowlys,Female,mknowlysic@ustream.tv,875-745-8794,31 Ohio Way
CUSID662,Keenan,Blaxton,Male,kblaxtonid@alexa.com,820-938-4390,9 Oak Valley Junction
CUSID663,Heddi,Ritmeier,Female,hritmeierie@si.edu,283-253-7288,194 Weeping Birch Lane
CUSID664,Gaby,Grimwade,Male,ggrimwadeif@wordpress.org,587-181-1152,7 Cascade Avenue
CUSID665,Adrianna,Hassard,Female,ahassardig@tiny.cc,519-123-7441,239 Butternut Junction
CUSID666,Josefa,Impson,Female,jimpsonih@vkontakte.ru,702-623-5403,901 Messerschmidt Street
CUSID667,Cazzie,Diboll,Male,cdibollii@ed.gov,119-735-7123,5658 Scott Point
CUSID668,Margot,Pidgin,Female,mpidginij@hc360.com,217-971-0977,57513 Tennessee Junction
CUSID669,Des,Kennaird,Male,dkennairdik@cmu.edu,289-385-9237,746 Merchant Junction
CUSID670,Connie,Marcq,Female,cmarcqil@clickbank.net,207-174-3723,9970 Springview Avenue
CUSID671,Franky,Raywood,Female,fraywoodim@g.co,804-746-7274,42 North Pass
CUSID672,Christel,Dizlie,Female,cdizliein@wikimedia.org,160-434-8771,8539 Ridgeview Place
CUSID673,Andrea,Capey,Female,acapeyio@cbc.ca,339-713-9128,79 Westridge Road
CUSID674,Poppy,Wondraschek,Female,pwondraschekip@zdnet.com,419-450-0268,2 Pepper Wood Trail
CUSID675,Haroun,Crockford,Male,hcrockfordiq@google.com.au,111-341-4891,11 Waxwing Drive
CUSID676,Jeth,Podbury,Male,jpodburyir@latimes.com,902-469-1480,7 Fairfield Drive
CUSID677,Isiahi,Ayscough,Male,iayscoughis@marriott.com,681-998-1849,9 Evergreen Terrace
CUSID678,Johnathon,Lacasa,Male,jlacasait@examiner.com,586-440-7858,654 Sloan Road
CUSID679,Jo,Burt,Male,jburtiu@soundcloud.com,464-891-9477,8891 Southridge Junction
CUSID680,Pedro,Jindra,Male,pjindraiv@webs.com,607-801-5359,27413 Nevada Park
CUSID681,Cleo,Deny,Genderfluid,cdenyiw@quantcast.com,348-631-9381,0 Talmadge Alley
CUSID682,Torrence,Winfred,Polygender,twinfredix@indiatimes.com,674-116-7595,67535 Logan Pass
CUSID683,Bryna,Lacy,Female,blacyiy@qq.com,519-652-8667,45 Chinook Alley
CUSID684,Corene,Keysel,Female,ckeyseliz@ucsd.edu,884-803-2723,8 Dayton Center
CUSID685,Glendon,Scrivens,Male,gscrivensj0@meetup.com,935-735-7778,61776 Bay Way
CUSID686,Leila,Klemenz,Female,lklemenzj1@hatena.ne.jp,210-150-7166,1 Hayes Point
CUSID687,Pate,Danton,Male,pdantonj2@springer.com,244-544-1278,9648 Tennyson Alley
CUSID688,Gunilla,Dumini,Non-binary,gduminij3@mapquest.com,788-999-8529,012 Cordelia Center
CUSID689,Ed,Arrigucci,Male,earriguccij4@privacy.gov.au,426-741-9572,33958 Golf Course Road
CUSID690,Neille,Nevins,Female,nnevinsj5@reddit.com,603-533-3706,2 Valley Edge Lane
CUSID691,Patrice,Sidworth,Female,psidworthj6@bing.com,393-907-7431,14 Schmedeman Circle
CUSID692,Madalyn,Gwilt,Female,mgwiltj7@constantcontact.com,694-978-7643,819 Melody Road
CUSID693,Ailey,Summerrell,Female,asummerrellj8@wordpress.com,402-547-2957,8 Cambridge Center
CUSID694,Rossy,Ackers,Male,rackersj9@tiny.cc,297-642-9421,269 Dexter Terrace
CUSID695,Morgan,Esler,Female,meslerja@msn.com,567-540-6074,315 High Crossing Lane
CUSID696,Nikolas,Pennone,Male,npennonejb@domainmarket.com,474-119-6096,06930 Butternut Alley
CUSID697,Tiler,McIlmorie,Male,tmcilmoriejc@reuters.com,702-653-1313,0 Cody Way
CUSID698,Ned,Chew,Male,nchewjd@illinois.edu,214-872-4730,66955 Golf Course Street
CUSID699,Lenci,Sherland,Male,lsherlandje@symantec.com,476-649-4795,3 Bonner Hill
CUSID700,Bert,Peto,Female,bpetojf@wordpress.org,794-296-2036,21093 Hoard Alley
CUSID701,Otho,Cullon,Male,ocullonjg@umich.edu,869-451-9430,95705 Cambridge Hill
CUSID702,Kellen,Pozer,Male,kpozerjh@mediafire.com,682-810-5193,48137 Union Drive
CUSID703,Lela,Ubsdall,Female,lubsdallji@i2i.jp,606-116-9105,20 Jay Crossing
CUSID704,Audrye,Maghull,Female,amaghulljj@telegraph.co.uk,168-557-7293,0 Sutherland Drive
CUSID705,Kennie,Winfrey,Male,kwinfreyjk@youtu.be,594-473-2980,7977 Melvin Pass
CUSID706,Frankie,Heake,Male,fheakejl@php.net,495-665-3415,0912 Moose Lane
CUSID707,Storm,Grundy,Female,sgrundyjm@quantcast.com,905-641-6537,310 Steensland Center
CUSID708,Haslett,Tschiersch,Male,htschierschjn@google.com.hk,939-413-0504,84 Sherman Lane
CUSID709,Ingra,Cotes,Male,icotesjo@biblegateway.com,331-627-7548,4461 Reindahl Court
CUSID710,Kristoffer,Doogood,Male,kdoogoodjp@pbs.org,821-961-9431,264 Iowa Point
CUSID711,Kleon,Brennon,Male,kbrennonjq@state.tx.us,382-662-0470,9 Alpine Circle
CUSID712,Lorine,Caunce,Female,lcauncejr@wikimedia.org,267-376-8581,4713 Mayer Hill
CUSID713,Natale,Robertazzi,Male,nrobertazzijs@dailymotion.com,721-735-6427,4 Laurel Center
CUSID714,Delmor,Colthard,Male,dcolthardjt@altervista.org,549-377-9520,39 Twin Pines Place
CUSID715,Desiree,Kenworth,Female,dkenworthju@epa.gov,179-861-1515,97277 Bartelt Park
CUSID716,Kali,Pargent,Female,kpargentjv@tiny.cc,524-508-2641,7946 Blackbird Way
CUSID717,Sibella,McQuaide,Female,smcquaidejw@ft.com,814-561-3254,2869 Hollow Ridge Road
CUSID718,Ephrayim,Poolton,Male,epooltonjx@time.com,477-741-3422,43007 Waywood Avenue
CUSID719,Leese,Shelbourne,Female,lshelbournejy@devhub.com,155-493-9951,3016 Old Shore Court
CUSID720,Nesta,Gonning,Female,ngonningjz@miibeian.gov.cn,467-330-4616,6 Graceland Street
CUSID721,Geordie,McGaugan,Genderfluid,gmcgaugank0@blog.com,293-824-8361,5 Eagle Crest Place
CUSID722,Jere,Chismon,Female,jchismonk1@imdb.com,893-459-1390,6 Vidon Alley
CUSID723,Kamilah,Caskie,Female,kcaskiek2@wikia.com,713-417-7463,9054 Farragut Avenue
CUSID724,Cheryl,Kitcher,Female,ckitcherk3@washingtonpost.com,262-143-2001,0 Corben Street
CUSID725,Linda,Lush,Agender,llushk4@list-manage.com,785-519-6003,67 Debs Way
CUSID726,Moses,Deverson,Male,mdeversonk5@mysql.com,626-475-1499,1 Buell Alley
CUSID727,James,Taill,Male,jtaillk6@plala.or.jp,190-916-0244,7065 Sullivan Place
CUSID728,Tait,Glisane,Polygender,tglisanek7@blinklist.com,158-128-5892,294 Hanover Lane
CUSID729,Corenda,Dawid,Female,cdawidk8@deliciousdays.com,431-851-7524,35213 Starling Lane
CUSID730,Georgina,Eckersley,Female,geckersleyk9@google.co.jp,830-191-6139,57 Buhler Pass
CUSID731,Jamison,Frosdick,Male,jfrosdickka@amazon.com,311-902-5821,419 Northport Circle
CUSID732,Leese,Sawford,Female,lsawfordkb@qq.com,869-108-2038,22 Kim Hill
CUSID733,Dario,Bertram,Male,dbertramkc@apple.com,625-661-5007,656 Linden Trail
CUSID734,Burtie,Lithcow,Male,blithcowkd@bbb.org,328-230-5073,482 Stoughton Street
CUSID735,Penny,MacColm,Agender,pmaccolmke@wsj.com,940-400-9540,0 Stone Corner Court
CUSID736,Jorgan,Hogbourne,Male,jhogbournekf@discovery.com,114-946-0567,716 Surrey Court
CUSID737,Emile,Verity,Male,everitykg@reference.com,325-789-5954,08582 Dovetail Park
CUSID738,Kara-lynn,Fullylove,Female,kfullylovekh@cnet.com,589-277-5197,5579 Bunker Hill Hill
CUSID739,Justina,Karppi,Female,jkarppiki@cyberchimps.com,103-731-8228,3 Sachtjen Plaza
CUSID740,Denny,Blacktin,Male,dblacktinkj@google.cn,503-139-2854,139 Bashford Lane
CUSID741,Reggie,Pelcheur,Female,rpelcheurkk@unesco.org,976-624-3726,36 Old Gate Trail
CUSID742,Ban,Pinkie,Male,bpinkiekl@comsenz.com,600-823-3522,305 Utah Trail
CUSID743,Gertruda,Grigolli,Female,ggrigollikm@bravesites.com,957-166-6498,0 Union Avenue
CUSID744,Trip,Brightwell,Male,tbrightwellkn@dell.com,940-991-1549,12 Independence Plaza
CUSID745,Basile,Lorentz,Male,blorentzko@ucla.edu,175-706-4918,800 Harper Crossing
CUSID746,Lotte,Mitrovic,Female,lmitrovickp@forbes.com,671-603-8332,746 Hazelcrest Court
CUSID747,Nancee,Unthank,Non-binary,nunthankkq@state.gov,685-730-7577,197 Northfield Road
CUSID748,Rozanna,Youll,Female,ryoullkr@jugem.jp,919-282-3970,10666 Fisk Crossing
CUSID749,Salvatore,Etheredge,Male,setheredgeks@walmart.com,501-791-2599,42 Westridge Circle
CUSID750,Brigit,Saintpierre,Female,bsaintpierrekt@amazon.com,635-275-6467,0 Nelson Terrace
CUSID751,Jere,Castellanos,Female,jcastellanosku@networkadvertising.org,973-657-0302,5 Boyd Parkway
CUSID752,Alastair,Morphet,Male,amorphetkv@hibu.com,555-501-2035,5 Johnson Place
CUSID753,Hillyer,Bolzen,Male,hbolzenkw@nbcnews.com,212-659-6335,02 Claremont Street
CUSID754,Barbey,Stollmeier,Female,bstollmeierkx@hud.gov,481-656-5740,7 Lunder Court
CUSID755,Sherry,Caistor,Female,scaistorky@mapquest.com,370-278-7166,9547 Roth Street
CUSID756,Elfie,Strotton,Female,estrottonkz@technorati.com,663-307-7669,4 Menomonie Pass
CUSID757,Kylie,Hovel,Male,khovell0@amazon.com,622-663-7624,86 Division Junction
CUSID758,Uri,Eathorne,Male,ueathornel1@skyrock.com,280-845-4177,31052 Briar Crest Lane
CUSID759,Doria,Pirdy,Female,dpirdyl2@usa.gov,701-862-9777,58 Fordem Court
CUSID760,Roderick,Wardroper,Male,rwardroperl3@engadget.com,939-145-0772,377 Johnson Place
CUSID761,Beret,Ackery,Female,backeryl4@google.de,406-589-8591,15 Sunnyside Way
CUSID762,Janek,Amburgy,Male,jamburgyl5@sbwire.com,704-697-9501,25 Maywood Crossing
CUSID763,Virgilio,Carlino,Male,vcarlinol6@hhs.gov,421-116-2978,737 Roth Way
CUSID764,Oates,Faux,Male,ofauxl7@jalbum.net,977-248-8784,76 Pennsylvania Junction
CUSID765,Isadora,Mercey,Female,imerceyl8@istockphoto.com,645-306-0419,1 Chinook Crossing
CUSID766,Imelda,Stonard,Female,istonardl9@shop-pro.jp,878-629-2260,45166 Ruskin Lane
CUSID767,Aeriell,Grivori,Female,agrivorila@jiathis.com,824-683-2391,34 Holy Cross Junction
CUSID768,Christiane,Southwick,Female,csouthwicklb@nymag.com,303-343-7844,83769 Sunnyside Junction
CUSID769,Carroll,Cumine,Female,ccuminelc@hhs.gov,824-721-0109,4108 John Wall Circle
CUSID770,Thoma,Huonic,Male,thuonicld@flickr.com,152-285-1153,99 Texas Road
CUSID771,Wally,Suttaby,Female,wsuttabyle@nhs.uk,128-282-2349,60 Katie Street
CUSID772,Harriet,Pantridge,Female,hpantridgelf@kickstarter.com,403-599-8800,3269 Northview Hill
CUSID773,Carce,McLenaghan,Male,cmclenaghanlg@buzzfeed.com,718-471-3053,74 Longview Plaza
CUSID774,Mellisa,Matson,Female,mmatsonlh@istockphoto.com,619-937-8332,7730 Clemons Road
CUSID775,Sarajane,O'Dunneen,Female,sodunneenli@domainmarket.com,590-995-2885,33 Namekagon Circle
CUSID776,Dallas,Bruford,Male,dbrufordlj@360.cn,192-273-6902,8849 Vernon Park
CUSID777,Carola,Dachs,Female,cdachslk@hatena.ne.jp,101-826-1711,3 Dixon Park
CUSID778,Georgie,Refford,Male,greffordll@digg.com,159-662-8046,59 Crest Line Circle
CUSID779,Carolann,Wickerson,Female,cwickersonlm@mit.edu,562-941-6005,72 Fordem Plaza
CUSID780,Ranique,Petracci,Female,rpetracciln@cbsnews.com,424-377-8784,6387 Lighthouse Bay Place
CUSID781,Richmound,Chinge de Hals,Male,rchingedehalslo@forbes.com,900-128-7632,29 Delaware Terrace
CUSID782,Vivienne,McBeth,Female,vmcbethlp@51.la,554-665-4476,28373 Tomscot Plaza
CUSID783,Uriel,Yosevitz,Male,uyosevitzlq@123-reg.co.uk,680-935-6773,25 Scofield Alley
CUSID784,Tabby,Cummungs,Male,tcummungslr@phoca.cz,738-190-9536,8837 Sunbrook Point
CUSID785,Nicolis,Soonhouse,Male,nsoonhousels@spotify.com,751-873-0754,446 Sachtjen Circle
CUSID786,Niel,Skirling,Male,nskirlinglt@huffingtonpost.com,711-188-2047,5553 Summit Parkway
CUSID787,Gaynor,Carryer,Female,gcarryerlu@behance.net,464-233-8184,1526 Dryden Street
CUSID788,Stafford,Winfield,Bigender,swinfieldlv@youtu.be,689-806-8226,314 Pawling Drive
CUSID789,Starr,Bibbie,Female,sbibbielw@ebay.co.uk,120-331-2444,4 Becker Plaza
CUSID790,Ashbey,Hallin,Male,ahallinlx@netlog.com,965-970-2057,9075 Center Road
CUSID791,Aldrich,Cheales,Genderfluid,achealesly@shop-pro.jp,568-493-6991,3508 Aberg Trail
CUSID792,Marc,Dorie,Male,mdorielz@amazon.co.uk,319-563-5918,525 Havey Hill
CUSID793,Alf,Rassell,Male,arassellm0@wp.com,415-232-0406,293 Northridge Place
CUSID794,Claude,Flavelle,Female,cflavellem1@bizjournals.com,307-895-7246,7 Veith Crossing
CUSID795,Lauren,Nockells,Female,lnockellsm2@pcworld.com,965-749-4134,29932 Superior Crossing
CUSID796,Alvin,Ivanishev,Male,aivanishevm3@ovh.net,149-779-2469,024 Judy Terrace
CUSID797,Aldridge,Sinnock,Male,asinnockm4@hugedomains.com,400-607-0524,69 Ronald Regan Drive
CUSID798,Zarla,Haythorne,Female,zhaythornem5@youtube.com,821-717-8262,5732 5th Trail
CUSID799,Dudley,Fudge,Genderfluid,dfudgem6@ox.ac.uk,641-632-1983,29 Johnson Terrace
CUSID800,Lonee,Hattrick,Female,lhattrickm7@businesswire.com,601-979-9527,00299 Shopko Trail
CUSID801,Ethelbert,Balmann,Genderqueer,ebalmannm8@canalblog.com,661-373-2782,213 Londonderry Drive
CUSID802,Tatiania,Bachmann,Female,tbachmannm9@aol.com,556-512-5359,22145 Becker Plaza
CUSID803,Merrilee,Creggan,Female,mcregganma@biglobe.ne.jp,149-487-9695,5 Reinke Drive
CUSID804,Rodrick,Hrishchenko,Male,rhrishchenkomb@zdnet.com,655-111-2035,7 Burrows Crossing
CUSID805,Burnaby,Burbudge,Male,bburbudgemc@bloglines.com,464-665-9902,97 Maryland Crossing
CUSID806,Franky,Ortsmann,Female,fortsmannmd@goodreads.com,845-465-6034,0 Sunnyside Plaza
CUSID807,Gael,Bartocci,Genderqueer,gbartoccime@tamu.edu,359-650-0219,2 Sherman Point
CUSID808,Joye,Train,Female,jtrainmf@163.com,286-167-3120,19523 1st Alley
CUSID809,Verney,Dobey,Male,vdobeymg@sina.com.cn,421-660-5725,9169 Laurel Park
CUSID810,Jeremias,Spir,Male,jspirmh@posterous.com,680-351-5576,30 Butterfield Avenue
CUSID811,Ford,Setter,Male,fsettermi@homestead.com,614-600-9647,03616 Harper Way
CUSID812,Zebadiah,MacMaykin,Male,zmacmaykinmj@hc360.com,602-862-0624,332 Lukken Way
CUSID813,Gian,Partner,Male,gpartnermk@devhub.com,510-753-5470,846 High Crossing Way
CUSID814,Kippy,Diggar,Male,kdiggarml@sfgate.com,382-932-2492,85945 Buell Avenue
CUSID815,Trish,Penlington,Female,tpenlingtonmm@booking.com,662-308-9376,6423 Waubesa Park
CUSID816,Bette-ann,Bastone,Female,bbastonemn@howstuffworks.com,879-529-9386,440 Rusk Pass
CUSID817,Olivier,Turri,Male,oturrimo@tamu.edu,265-954-3614,146 Anniversary Hill
CUSID818,Cass,Roust,Male,croustmp@ustream.tv,173-253-7553,20 Vahlen Way
CUSID819,Kay,Stephens,Female,kstephensmq@squarespace.com,332-620-6848,29 Pearson Place
CUSID820,Faun,Swadling,Female,fswadlingmr@soup.io,423-540-9463,132 Waubesa Circle
CUSID821,Feodor,Ciubutaro,Male,fciubutaroms@nps.gov,392-966-7462,15 Melody Crossing
CUSID822,Donn,Andrzejczak,Male,dandrzejczakmt@timesonline.co.uk,108-213-9158,3424 Barby Court
CUSID823,Heddi,Redler,Female,hredlermu@sphinn.com,970-181-8718,0 Transport Point
CUSID824,Amalea,Bosomworth,Female,abosomworthmv@fastcompany.com,194-307-5695,64 Grim Point
CUSID825,Stanton,Breakspear,Male,sbreakspearmw@ask.com,408-187-3581,806 Valley Edge Road
CUSID826,Alison,Woollam,Female,awoollammx@studiopress.com,854-869-0805,9 Merchant Circle
CUSID827,Johann,Seggie,Male,jseggiemy@hc360.com,961-743-3033,4 Wayridge Avenue
CUSID828,Thomasina,Glencross,Female,tglencrossmz@webmd.com,493-118-5564,207 2nd Junction
CUSID829,Caterina,Huggins,Female,chugginsn0@irs.gov,258-228-1632,341 Sutteridge Pass
CUSID830,Franny,Hawkswood,Male,fhawkswoodn1@wikimedia.org,209-832-2894,2 Lotheville Crossing
CUSID831,Tildie,Corneljes,Genderfluid,tcorneljesn2@skyrock.com,910-333-7165,7606 Autumn Leaf Point
CUSID832,Analise,Devonside,Female,adevonsiden3@ibm.com,524-565-8970,0 Harbort Hill
CUSID833,Correy,Goldwater,Agender,cgoldwatern4@qq.com,373-748-9493,7 Mifflin Street
CUSID834,Farra,Oxterby,Female,foxterbyn5@unicef.org,992-851-4513,69 Anthes Junction
CUSID835,Joela,Walding,Female,jwaldingn6@google.it,743-766-1919,792 Armistice Junction
CUSID836,Berk,Shickle,Male,bshicklen7@drupal.org,882-165-2755,78780 Cambridge Way
CUSID837,Bettina,Keig,Female,bkeign8@theatlantic.com,851-260-3925,76910 Vera Alley
CUSID838,Charita,Rosbrough,Female,crosbroughn9@live.com,940-749-9605,656 Raven Plaza
CUSID839,Tess,Ferber,Female,tferberna@sfgate.com,754-235-5697,124 Nancy Pass
CUSID840,Tresa,Bryant,Female,tbryantnb@reddit.com,511-389-9133,52 Canary Pass
CUSID841,Wallis,Signore,Male,wsignorenc@nifty.com,593-475-7397,0134 Claremont Alley
CUSID842,Jefferey,Pinkard,Male,jpinkardnd@rambler.ru,335-986-6008,170 Ridgeway Way
CUSID843,Rozanna,Goreway,Female,rgorewayne@nymag.com,413-658-3793,2 Hagan Drive
CUSID844,Cort,Fitchen,Male,cfitchennf@addtoany.com,480-131-0019,6 Thompson Center
CUSID845,Julieta,Shoard,Female,jshoardng@t-online.de,331-528-0951,33 Barnett Terrace
CUSID846,Alain,Boeter,Male,aboeternh@addtoany.com,490-855-2579,607 Bobwhite Terrace
CUSID847,Farrah,Coulsen,Female,fcoulsenni@creativecommons.org,754-949-3626,89702 Vidon Lane
CUSID848,Greer,Gostage,Female,ggostagenj@last.fm,116-310-7524,28 Miller Crossing
CUSID849,Darnell,Lansley,Male,dlansleynk@gnu.org,512-801-7402,4 Fisk Trail
CUSID850,Geoffry,Clayhill,Male,gclayhillnl@instagram.com,495-303-2399,4083 Logan Circle
CUSID851,Roth,Rubinowitz,Male,rrubinowitznm@npr.org,532-326-7032,35 Ramsey Center
CUSID852,Marian,Garmanson,Female,mgarmansonnn@google.ru,426-524-1064,62324 Boyd Street
CUSID853,Dotty,Alcalde,Female,dalcaldeno@slideshare.net,123-938-5245,6543 Susan Pass
CUSID854,Corny,Forkan,Female,cforkannp@linkedin.com,811-343-7212,6 Sugar Trail
CUSID855,Claudio,Cowtherd,Male,ccowtherdnq@fema.gov,504-595-7766,2181 Pond Way
CUSID856,Wang,Kopfer,Male,wkopfernr@about.me,388-711-9868,3889 Kim Alley
CUSID857,Rabbi,Stilly,Non-binary,rstillyns@unblog.fr,626-756-5617,9 Acker Street
CUSID858,Franciskus,Abramchik,Male,fabramchiknt@fema.gov,338-847-9329,8849 Dunning Court
CUSID859,Ingaborg,Belmont,Female,ibelmontnu@mayoclinic.com,860-388-9646,976 Hayes Parkway
CUSID860,Catriona,Dobkin,Female,cdobkinnv@clickbank.net,730-296-7542,518 Susan Place
CUSID861,Vite,Roose,Male,vroosenw@yolasite.com,562-136-5454,5 Miller Drive
CUSID862,Hilton,Luty,Male,hlutynx@indiatimes.com,269-812-2544,1 Monterey Drive
CUSID863,Claudia,Insall,Female,cinsallny@icq.com,242-376-1488,7 Talmadge Alley
CUSID864,Dietrich,Molder,Agender,dmoldernz@yelp.com,965-563-2454,28191 Logan Place
CUSID865,Drake,Juett,Male,djuetto0@sfgate.com,919-130-2343,23816 Garrison Avenue
CUSID866,Katrinka,Ropartz,Bigender,kropartzo1@usda.gov,207-764-6618,49 Eastwood Drive
CUSID867,Pauletta,Coggles,Female,pcoggleso2@jigsy.com,986-382-7147,0606 Mayfield Junction
CUSID868,Andie,Raden,Female,aradeno3@i2i.jp,609-659-3611,553 Main Drive
CUSID869,Natalee,Wellbank,Female,nwellbanko4@yellowbook.com,407-844-1999,46 Buell Place
CUSID870,Iseabal,Fielden,Female,ifieldeno5@stanford.edu,775-197-0418,11 Declaration Junction
CUSID871,Mia,Edmands,Female,medmandso6@prnewswire.com,552-887-1158,22 Columbus Plaza
CUSID872,Evan,Aries,Male,earieso7@tmall.com,790-262-8969,19 Springs Avenue
CUSID873,Kiel,Kingsman,Non-binary,kkingsmano8@live.com,539-890-8849,6929 Riverside Court
CUSID874,Dalt,Enric,Male,denrico9@bloglines.com,812-661-2236,66 Thierer Crossing
CUSID875,Julie,Christofe,Non-binary,jchristofeoa@timesonline.co.uk,614-350-9915,98252 Eagan Circle
CUSID876,Clea,Delap,Female,cdelapob@answers.com,584-769-2106,0 Vera Trail
CUSID877,Bibbie,Drewell,Female,bdrewelloc@phpbb.com,478-685-4831,24 East Road
CUSID878,Bernadina,Emsden,Female,bemsdenod@wp.com,900-876-4195,7 Fordem Drive
CUSID879,Romona,Lewty,Female,rlewtyoe@ted.com,768-740-2419,8534 Scott Drive
CUSID880,Dane,Landsberg,Male,dlandsbergof@scribd.com,136-188-4787,37 Waubesa Street
CUSID881,Kayle,Gabbidon,Female,kgabbidonog@goo.ne.jp,888-750-1014,4816 Waxwing Hill
CUSID882,Riordan,Kissell,Male,rkisselloh@joomla.org,177-224-9872,22 Continental Court
CUSID883,Brana,Marlin,Female,bmarlinoi@wikimedia.org,212-229-1879,51 Bluejay Street
CUSID884,Avery,Walduck,Male,awalduckoj@g.co,284-407-7613,6 Shelley Way
CUSID885,Fionna,Duff,Non-binary,fduffok@wix.com,426-654-6507,32409 Pine View Drive
CUSID886,Jarvis,Curreen,Male,jcurreenol@harvard.edu,489-349-4079,8913 Briar Crest Crossing
CUSID887,Cecilia,Nielson,Female,cnielsonom@zdnet.com,317-142-4429,555 Hoepker Street
CUSID888,Culver,Shearn,Male,cshearnon@vk.com,966-116-9683,3016 Bluejay Place
CUSID889,Ignace,Allanson,Male,iallansonoo@accuweather.com,121-945-3538,38830 Dennis Point
CUSID890,Bunnie,Rosoman,Female,brosomanop@godaddy.com,315-905-3637,71 Ridge Oak Pass
CUSID891,Rolph,Deniseau,Male,rdeniseauoq@topsy.com,806-949-9291,80 Pennsylvania Point
CUSID892,Bent,Brinklow,Male,bbrinklowor@wikipedia.org,444-303-9958,88 Basil Crossing
CUSID893,Dorey,Piscopello,Male,dpiscopelloos@edublogs.org,386-570-7324,1910 Calypso Alley
CUSID894,Wyatan,Luttger,Male,wluttgerot@baidu.com,515-179-3278,53 Pleasure Center
CUSID895,Aubert,Flori,Non-binary,afloriou@constantcontact.com,840-692-7999,51 Oak Valley Alley
CUSID896,Ruth,Falls,Female,rfallsov@amazon.com,168-802-9093,62 Schmedeman Street
CUSID897,Xaviera,Huntington,Female,xhuntingtonow@reference.com,380-528-4874,0201 Nova Parkway
CUSID898,Alberik,Rablan,Male,arablanox@ask.com,517-498-9969,9 Dorton Pass
CUSID899,Eldon,Elgee,Male,eelgeeoy@google.nl,191-663-3887,59 Banding Way
CUSID900,Hugh,Drakers,Male,hdrakersoz@youku.com,213-372-1755,18 Gateway Point
CUSID901,Stefanie,Finnan,Female,sfinnanp0@google.co.jp,325-165-8913,34 Westend Pass
CUSID902,Baldwin,Perview,Male,bperviewp1@jugem.jp,409-516-8542,17 Dakota Terrace
CUSID903,Patricia,Doust,Female,pdoustp2@exblog.jp,701-608-4467,67770 Sycamore Center
CUSID904,Persis,Summerside,Female,psummersidep3@answers.com,111-755-4139,39 Dexter Terrace
CUSID905,Annice,Witherup,Female,awitherupp4@pagesperso-orange.fr,202-936-9167,51425 Banding Street
CUSID906,Brander,Geertsen,Male,bgeertsenp5@shop-pro.jp,806-472-1439,2 Ridgeview Trail
CUSID907,Hilliary,Hartwell,Female,hhartwellp6@uiuc.edu,907-936-5979,246 Ramsey Crossing
CUSID908,Dee,Behneke,Female,dbehnekep7@bloglines.com,658-824-5689,479 Sachs Place
CUSID909,Brina,Coaster,Female,bcoasterp8@printfriendly.com,130-475-9273,46917 Leroy Drive
CUSID910,Mamie,Wallbank,Female,mwallbankp9@google.com.hk,824-240-1417,9 Canary Place
CUSID911,Lowell,Gillham,Male,lgillhampa@eventbrite.com,655-950-6808,2 Raven Alley
CUSID912,Jerri,Thackray,Male,jthackraypb@godaddy.com,177-987-3017,21 Eagle Crest Lane
CUSID913,Shaun,Grzeszczak,Male,sgrzeszczakpc@xinhuanet.com,167-338-2583,723 Lawn Lane
CUSID914,Dyanna,Starling,Female,dstarlingpd@shutterfly.com,787-129-4264,4166 Superior Junction
CUSID915,Carol,Hendrick,Female,chendrickpe@globo.com,138-126-6648,6 Bonner Crossing
CUSID916,Margarette,Pitone,Female,mpitonepf@springer.com,795-271-9021,15 Northland Alley
CUSID917,Ingemar,Gorriessen,Male,igorriessenpg@fastcompany.com,403-666-8686,271 Sunbrook Alley
CUSID918,Bobby,Salsberg,Male,bsalsbergph@google.com,352-871-1169,74 School Pass
CUSID919,Launce,Yair,Agender,lyairpi@virginia.edu,901-578-4957,633 Vahlen Trail
CUSID920,Abby,Wybern,Female,awybernpj@tumblr.com,572-763-8803,2 La Follette Center
CUSID921,Zedekiah,Connock,Genderqueer,zconnockpk@state.tx.us,417-538-2045,0 Hazelcrest Avenue
CUSID922,Anne-corinne,Casaroli,Female,acasarolipl@theatlantic.com,338-921-9196,43 Hermina Hill
CUSID923,Madelon,Rewbottom,Female,mrewbottompm@oaic.gov.au,229-935-0309,61278 Clemons Crossing
CUSID924,Myer,Goodwin,Male,mgoodwinpn@free.fr,321-393-4310,887 Reinke Alley
CUSID925,Billy,Magrane,Non-binary,bmagranepo@cbslocal.com,719-833-4379,1 Johnson Crossing
CUSID926,Blake,Kieff,Male,bkieffpp@php.net,129-640-1214,91806 Becker Court
CUSID927,Rhiamon,Juzek,Female,rjuzekpq@soundcloud.com,664-691-3370,91549 Morningstar Parkway
CUSID928,Shir,De-Ville,Female,sdevillepr@samsung.com,499-188-3723,20 Little Fleur Drive
CUSID929,Cele,Autrie,Bigender,cautrieps@berkeley.edu,879-236-6355,3033 Sutherland Point
CUSID930,Giulietta,Duinbleton,Female,gduinbletonpt@senate.gov,799-835-7482,04324 Glacier Hill Alley
CUSID931,Geordie,Kearn,Male,gkearnpu@japanpost.jp,691-481-3296,532 Bluejay Way
CUSID932,Esther,Epinay,Female,eepinaypv@netscape.com,413-317-7803,91091 3rd Plaza
CUSID933,Odille,Mattaus,Female,omattauspw@netlog.com,165-176-2086,031 Sullivan Avenue
CUSID934,Tyrus,Bacher,Male,tbacherpx@marketwatch.com,107-105-1726,062 Mesta Way
CUSID935,Morissa,Wetherald,Female,mwetheraldpy@woothemes.com,699-330-1984,9105 Almo Drive
CUSID936,Melisande,Reilly,Female,mreillypz@msn.com,880-645-7541,59979 Tony Point
CUSID937,Rebeca,Elsby,Female,relsbyq0@alexa.com,915-202-9549,6270 Mcbride Court
CUSID938,Buddy,Gianilli,Male,bgianilliq1@uiuc.edu,228-498-7781,3 Everett Drive
CUSID939,Trever,Tomaszewski,Male,ttomaszewskiq2@sun.com,717-321-6582,79 Arrowood Point
CUSID940,Christian,Becks,Female,cbecksq3@bbc.co.uk,741-826-5064,32 Kenwood Junction
CUSID941,Reid,Tolchar,Male,rtolcharq4@imgur.com,684-420-5700,6988 Heath Terrace
CUSID942,Elyssa,Conklin,Female,econklinq5@tripod.com,325-604-9149,3 Southridge Trail
CUSID943,Lauraine,Pervoe,Female,lpervoeq6@last.fm,979-262-5385,1 Eagan Road
CUSID944,Gretal,Amer,Female,gamerq7@scribd.com,554-401-1367,97808 Melrose Point
CUSID945,Kristien,Champion,Female,kchampionq8@seattletimes.com,934-506-8904,21 Meadow Ridge Parkway
CUSID946,Junina,Birtonshaw,Female,jbirtonshawq9@nymag.com,544-884-1611,77 Summit Place
CUSID947,Sarene,Marqyes,Non-binary,smarqyesqa@squidoo.com,412-102-1226,626 Elmside Alley
CUSID948,Erek,Rootes,Male,erootesqb@jalbum.net,539-139-5410,70 Katie Trail
CUSID949,Goldie,Ludgrove,Female,gludgroveqc@mit.edu,431-335-1434,4 Dwight Terrace
CUSID950,Boniface,Spillard,Male,bspillardqd@blogger.com,744-721-1162,12 Fordem Street
CUSID951,Carissa,Klesel,Female,ckleselqe@guardian.co.uk,259-360-7438,1341 Sutherland Way
CUSID952,Arley,Rome,Male,aromeqf@zdnet.com,904-750-6030,2823 Kingsford Place
CUSID953,Jami,Whipple,Female,jwhippleqg@t-online.de,467-160-2417,74 Graedel Drive
CUSID954,Durward,Vallance,Male,dvallanceqh@virginia.edu,408-281-6412,7 Cordelia Street
CUSID955,Blaire,Hatwells,Female,bhatwellsqi@shinystat.com,994-830-0026,051 Bartillon Parkway
CUSID956,Kassie,Frear,Female,kfrearqj@cyberchimps.com,839-186-3389,52 American Ash Park
CUSID957,Hugibert,Durham,Male,hdurhamqk@artisteer.com,628-854-9950,5 Eastwood Lane
CUSID958,Delano,Mordanti,Male,dmordantiql@java.com,798-228-5805,4469 Thackeray Trail
CUSID959,Neddy,Dunkerley,Male,ndunkerleyqm@craigslist.org,525-172-8880,4 Esker Circle
CUSID960,Elias,Jeune,Male,ejeuneqn@delicious.com,390-703-4977,96070 Texas Pass
CUSID961,Seka,Pimm,Female,spimmqo@netlog.com,635-519-6151,22439 Pepper Wood Alley
CUSID962,Ferd,Besset,Agender,fbessetqp@nifty.com,935-329-3290,01 Glendale Drive
CUSID963,Barbra,Rippingale,Female,brippingaleqq@sitemeter.com,761-147-5866,70 Bellgrove Drive
CUSID964,Maiga,Trass,Female,mtrassqr@ning.com,712-262-5185,99 Spaight Avenue
CUSID965,Angie,Arlet,Male,aarletqs@oaic.gov.au,833-750-4771,65 Sommers Trail
CUSID966,Emlen,Odeson,Male,eodesonqt@bigcartel.com,858-993-2596,14217 Kropf Trail
CUSID967,Lauri,Sharples,Female,lsharplesqu@paginegialle.it,661-476-8447,34 Hauk Avenue
CUSID968,Iolanthe,Okeshott,Female,iokeshottqv@mysql.com,994-331-4133,46 Sloan Point
CUSID969,Chere,Rothermel,Female,crothermelqw@vinaora.com,533-465-1620,29836 Scoville Court
CUSID970,Fancie,Speirs,Female,fspeirsqx@pbs.org,214-465-2801,86742 Glacier Hill Trail
CUSID971,Nefen,Elijahu,Male,nelijahuqy@zimbio.com,616-984-2406,05191 Mcguire Way
CUSID972,Jordan,Cardenas,Male,jcardenasqz@mapy.cz,527-760-7945,77 Golden Leaf Lane
CUSID973,Gabe,Chartres,Male,gchartresr0@psu.edu,779-376-0411,06708 Dunning Street
CUSID974,Craggie,Helsdon,Male,chelsdonr1@biglobe.ne.jp,326-782-6395,4262 Upham Point
CUSID975,Kirby,Pickard,Male,kpickardr2@google.de,754-586-6206,6 Ryan Way
CUSID976,Vlad,Kencott,Male,vkencottr3@gmpg.org,808-403-7022,58833 Sauthoff Court
CUSID977,Demetris,Martinat,Agender,dmartinatr4@hugedomains.com,724-833-9436,1873 Longview Hill
CUSID978,Jonell,Putton,Female,jputtonr5@creativecommons.org,682-934-9162,74482 Surrey Hill
CUSID979,Barrie,Caile,Male,bcailer6@angelfire.com,532-263-6653,07599 Vermont Hill
CUSID980,Cos,Larcombe,Male,clarcomber7@soup.io,478-185-1817,198 Florence Terrace
CUSID981,Joe,McBean,Male,jmcbeanr8@blogspot.com,887-269-0833,82122 Veith Circle
CUSID982,Teddie,Georgeson,Male,tgeorgesonr9@ovh.net,413-176-7798,81 Straubel Street
CUSID983,Twila,Boniface,Female,tbonifacera@google.ca,453-791-3730,611 Oak Valley Place
CUSID984,Delinda,Lorkings,Agender,dlorkingsrb@omniture.com,763-833-5916,4503 John Wall Plaza
CUSID985,Hernando,Crellin,Male,hcrellinrc@accuweather.com,250-215-5123,4568 Kennedy Street
CUSID986,Ali,Yoxen,Male,ayoxenrd@twitter.com,216-893-6062,94733 Sauthoff Point
CUSID987,Manfred,Crumb,Male,mcrumbre@wikispaces.com,784-631-0484,121 Maple Crossing
CUSID988,Corie,Stayte,Female,cstayterf@cdbaby.com,167-185-4339,92 Becker Crossing
CUSID989,Isaak,Hugueville,Male,ihuguevillerg@amazon.co.uk,289-512-8474,742 Derek Avenue
CUSID990,Jaquelyn,Wombwell,Female,jwombwellrh@umn.edu,241-666-7303,4 Spenser Point
CUSID991,Zabrina,Zuan,Female,zzuanri@networksolutions.com,164-432-7769,13802 Sloan Place
CUSID992,Avrom,O'Cannovane,Male,aocannovanerj@weebly.com,863-973-2546,518 Veith Trail
CUSID993,Morena,Curwood,Non-binary,mcurwoodrk@behance.net,492-475-1535,533 Mandrake Circle
CUSID994,Michelina,Ludman,Female,mludmanrl@e-recht24.de,789-919-1832,2564 Monica Lane
CUSID995,Shannon,Hillett,Male,shillettrm@slideshare.net,475-661-4887,175 Scott Hill
CUSID996,Lefty,Orteau,Male,lorteaurn@mlb.com,635-989-0785,439 Scott Way
CUSID997,Nate,Cod,Male,ncodro@mac.com,630-494-0187,356 Meadow Valley Plaza
CUSID998,Ninetta,Zecchini,Female,nzecchinirp@webnode.com,872-668-7119,12039 Armistice Alley
CUSID999,Paulie,Cansdill,Male,pcansdillrq@ft.com,312-290-5021,598 Kedzie Center
